-- AUTO-GENERATED SEED DATA

INSERT INTO customers (customer_id,first_name,last_name,email,created_at) VALUES
  (1,'Charlotte','Brown','charlotte.brown4@yahoo.com','2023-04-25 00:00:00'),
  (2,'Ava','Brown','ava.brown87@proton.me','2023-10-30 00:00:00'),
  (3,'Aiden','Johnson','aiden.johnson4@gmail.com','2023-04-30 00:00:00'),
  (4,'Abigail','Lewis','abigail.lewis4@proton.me','2024-01-02 00:00:00'),
  (5,'Charlotte','Young','charlotte.young54@outlook.com','2023-10-29 00:00:00'),
  (6,'Isabella','Smith','isabella.smith98@outlook.com','2023-08-05 00:00:00'),
  (7,'Mia','Wilson','mia.wilson20@outlook.com','2023-02-22 00:00:00'),
  (8,'Olivia','Jackson','olivia.jackson13@yahoo.com','2023-11-06 00:00:00'),
  (9,'Isabella','Johnson','isabella.johnson94@icloud.com','2023-03-05 00:00:00'),
  (10,'Harper','Williams','harper.williams71@yahoo.com','2023-11-13 00:00:00'),
  (11,'Ethan','Robinson','ethan.robinson25@gmail.com','2023-12-05 00:00:00'),
  (12,'Lucas','Anderson','lucas.anderson11@outlook.com','2023-07-14 00:00:00'),
  (13,'Isabella','Harris','isabella.harris82@yahoo.com','2023-07-09 00:00:00'),
  (14,'Ethan','Miller','ethan.miller86@yahoo.com','2023-12-16 00:00:00'),
  (15,'Charlotte','Williams','charlotte.williams78@outlook.com','2024-01-09 00:00:00'),
  (16,'Lucas','Garcia','lucas.garcia60@icloud.com','2023-11-24 00:00:00'),
  (17,'Oliver','Davis','oliver.davis88@yahoo.com','2023-04-28 00:00:00'),
  (18,'Liam','Taylor','liam.taylor52@yahoo.com','2023-04-19 00:00:00'),
  (19,'Emily','Taylor','emily.taylor28@icloud.com','2023-11-26 00:00:00'),
  (20,'Evelyn','Jones','evelyn.jones34@outlook.com','2024-01-17 00:00:00'),
  (21,'Oliver','Young','oliver.young34@proton.me','2023-10-26 00:00:00'),
  (22,'Harper','Thomas','harper.thomas29@outlook.com','2023-09-10 00:00:00'),
  (23,'Olivia','Johnson','olivia.johnson15@outlook.com','2023-03-23 00:00:00'),
  (24,'Aiden','Lewis','aiden.lewis9@icloud.com','2023-11-02 00:00:00'),
  (25,'Evelyn','Thompson','evelyn.thompson33@proton.me','2023-12-15 00:00:00'),
  (26,'Noah','Young','noah.young97@yahoo.com','2023-06-24 00:00:00'),
  (27,'Noah','Anderson','noah.anderson56@outlook.com','2023-01-02 00:00:00'),
  (28,'Isabella','Thompson','isabella.thompson98@outlook.com','2023-02-24 00:00:00'),
  (29,'Charlotte','Anderson','charlotte.anderson82@proton.me','2023-04-12 00:00:00'),
  (30,'Ava','Thomas','ava.thomas98@outlook.com','2024-02-03 00:00:00'),
  (31,'Abigail','Smith','abigail.smith77@yahoo.com','2023-01-10 00:00:00'),
  (32,'Noah','Thomas','noah.thomas40@outlook.com','2023-05-04 00:00:00'),
  (33,'Emily','Williams','emily.williams11@icloud.com','2024-01-25 00:00:00'),
  (34,'Oliver','Jones','oliver.jones17@icloud.com','2023-03-26 00:00:00'),
  (35,'Isabella','Thompson','isabella.thompson78@icloud.com','2023-10-04 00:00:00'),
  (36,'Sophia','Anderson','sophia.anderson52@yahoo.com','2023-09-22 00:00:00'),
  (37,'Evelyn','Brown','evelyn.brown32@outlook.com','2023-06-23 00:00:00'),
  (38,'Emma','Robinson','emma.robinson71@outlook.com','2023-04-23 00:00:00'),
  (39,'Emma','Williams','emma.williams91@gmail.com','2023-02-04 00:00:00'),
  (40,'Liam','Taylor','liam.taylor10@proton.me','2023-05-23 00:00:00'),
  (41,'James','Miller','james.miller70@outlook.com','2023-10-20 00:00:00'),
  (42,'Emily','Martin','emily.martin32@icloud.com','2023-04-08 00:00:00'),
  (43,'Noah','Brown','noah.brown85@icloud.com','2023-08-05 00:00:00'),
  (44,'Aiden','Harris','aiden.harris94@gmail.com','2023-12-01 00:00:00'),
  (45,'Charlotte','Brown','charlotte.brown8@icloud.com','2023-06-23 00:00:00'),
  (46,'Noah','Davis','noah.davis25@outlook.com','2023-08-18 00:00:00'),
  (47,'Ava','White','ava.white24@yahoo.com','2023-05-08 00:00:00'),
  (48,'Olivia','Harris','olivia.harris71@gmail.com','2023-11-30 00:00:00'),
  (49,'Oliver','Smith','oliver.smith12@outlook.com','2023-07-28 00:00:00'),
  (50,'James','Martin','james.martin28@icloud.com','2023-03-26 00:00:00'),
  (51,'Harper','Smith','harper.smith50@yahoo.com','2023-05-27 00:00:00'),
  (52,'Aiden','Young','aiden.young85@icloud.com','2023-04-08 00:00:00'),
  (53,'Mason','Miller','mason.miller8@proton.me','2023-10-05 00:00:00'),
  (54,'Liam','Taylor','liam.taylor8@gmail.com','2023-09-02 00:00:00'),
  (55,'Abigail','Thompson','abigail.thompson21@gmail.com','2023-02-11 00:00:00'),
  (56,'Elijah','Williams','elijah.williams77@gmail.com','2023-05-01 00:00:00'),
  (57,'Harper','Brown','harper.brown73@outlook.com','2023-11-01 00:00:00'),
  (58,'Liam','Lewis','liam.lewis11@icloud.com','2023-10-26 00:00:00'),
  (59,'Emily','Thompson','emily.thompson41@yahoo.com','2023-12-09 00:00:00'),
  (60,'Mia','Davis','mia.davis34@icloud.com','2023-12-10 00:00:00'),
  (61,'Charlotte','Anderson','charlotte.anderson59@yahoo.com','2023-01-05 00:00:00'),
  (62,'Evelyn','Lewis','evelyn.lewis73@gmail.com','2023-10-03 00:00:00'),
  (63,'Sophia','Thompson','sophia.thompson34@outlook.com','2023-02-05 00:00:00'),
  (64,'Lucas','Thomas','lucas.thomas37@outlook.com','2023-10-06 00:00:00'),
  (65,'Mason','Lewis','mason.lewis84@proton.me','2023-12-08 00:00:00'),
  (66,'Oliver','Anderson','oliver.anderson85@gmail.com','2023-05-16 00:00:00'),
  (67,'Noah','Brown','noah.brown96@proton.me','2023-05-20 00:00:00'),
  (68,'Mason','Lewis','mason.lewis27@yahoo.com','2023-12-18 00:00:00'),
  (69,'Charlotte','Wilson','charlotte.wilson65@icloud.com','2023-01-27 00:00:00'),
  (70,'Olivia','Walker','olivia.walker55@yahoo.com','2023-01-02 00:00:00'),
  (71,'Mia','Jones','mia.jones82@yahoo.com','2024-01-15 00:00:00'),
  (72,'Evelyn','Young','evelyn.young91@icloud.com','2023-01-05 00:00:00'),
  (73,'Noah','Williams','noah.williams89@outlook.com','2023-01-19 00:00:00'),
  (74,'Ethan','Robinson','ethan.robinson71@outlook.com','2023-03-07 00:00:00'),
  (75,'Liam','Anderson','liam.anderson47@gmail.com','2023-04-18 00:00:00'),
  (76,'Lucas','Brown','lucas.brown46@proton.me','2023-11-14 00:00:00'),
  (77,'Ava','Davis','ava.davis21@outlook.com','2023-01-13 00:00:00'),
  (78,'Elijah','Taylor','elijah.taylor53@outlook.com','2023-03-23 00:00:00'),
  (79,'Noah','Jackson','noah.jackson5@icloud.com','2023-04-13 00:00:00'),
  (80,'Evelyn','Thomas','evelyn.thomas40@outlook.com','2023-01-13 00:00:00');

INSERT INTO addresses (customer_id,address_type,full_name,line1,city,state,postal_code,country_code,is_default) VALUES
  (1,'both','Charlotte Brown','752 Oak St','Houston','TX','19882','US',TRUE),
  (2,'both','Ava Brown','914 Oak St','Los Angeles','CA','76476','US',TRUE),
  (3,'both','Aiden Johnson','647 Oak St','Houston','TX','86269','US',TRUE),
  (4,'both','Abigail Lewis','593 Main St','Houston','TX','87337','US',TRUE),
  (5,'both','Charlotte Young','218 Oak St','San Diego','CA','82298','US',TRUE),
  (6,'both','Isabella Smith','267 Elm St','Denver','CO','80736','US',TRUE),
  (7,'both','Mia Wilson','484 Maple St','Philadelphia','PA','57948','US',TRUE),
  (8,'both','Olivia Jackson','402 Maple St','Philadelphia','PA','87280','US',TRUE),
  (9,'both','Isabella Johnson','751 Pine St','Dallas','TX','27548','US',TRUE),
  (10,'both','Harper Williams','476 Elm St','Seattle','WA','76900','US',TRUE),
  (11,'both','Ethan Robinson','93 Main St','New York','NY','57692','US',TRUE),
  (12,'both','Lucas Anderson','515 Oak St','Los Angeles','CA','96858','US',TRUE),
  (13,'both','Isabella Harris','245 Elm St','Chicago','IL','99674','US',TRUE),
  (14,'both','Ethan Miller','170 Elm St','Denver','CO','28398','US',TRUE),
  (15,'both','Charlotte Williams','457 Maple St','Dallas','TX','33480','US',TRUE),
  (16,'both','Lucas Garcia','580 Elm St','Phoenix','AZ','96430','US',TRUE),
  (17,'both','Oliver Davis','894 Maple St','New York','NY','73373','US',TRUE),
  (18,'both','Liam Taylor','962 Pine St','Los Angeles','CA','15297','US',TRUE),
  (19,'both','Emily Taylor','225 Main St','San Antonio','TX','40375','US',TRUE),
  (20,'both','Evelyn Jones','65 Pine St','Houston','TX','58422','US',TRUE),
  (21,'both','Oliver Young','240 Oak St','San Antonio','TX','97632','US',TRUE),
  (22,'both','Harper Thomas','212 Elm St','Dallas','TX','57349','US',TRUE),
  (23,'both','Olivia Johnson','398 Main St','Seattle','WA','69591','US',TRUE),
  (24,'both','Aiden Lewis','903 Oak St','San Antonio','TX','15230','US',TRUE),
  (25,'both','Evelyn Thompson','665 Pine St','New York','NY','23529','US',TRUE),
  (26,'both','Noah Young','721 Elm St','Seattle','WA','93042','US',TRUE),
  (27,'both','Noah Anderson','850 Pine St','San Diego','CA','44513','US',TRUE),
  (28,'both','Isabella Thompson','593 Elm St','Dallas','TX','84732','US',TRUE),
  (29,'both','Charlotte Anderson','179 Main St','Austin','TX','95678','US',TRUE),
  (30,'both','Ava Thomas','388 Pine St','Dallas','TX','87028','US',TRUE),
  (31,'both','Abigail Smith','670 Oak St','San Diego','CA','77720','US',TRUE),
  (32,'both','Noah Thomas','258 Main St','New York','NY','39215','US',TRUE),
  (33,'both','Emily Williams','529 Main St','Los Angeles','CA','56255','US',TRUE),
  (34,'both','Oliver Jones','837 Pine St','Dallas','TX','73813','US',TRUE),
  (35,'both','Isabella Thompson','812 Main St','Houston','TX','89195','US',TRUE),
  (36,'both','Sophia Anderson','7 Elm St','San Diego','CA','28214','US',TRUE),
  (37,'both','Evelyn Brown','451 Maple St','Los Angeles','CA','40145','US',TRUE),
  (38,'both','Emma Robinson','79 Elm St','Austin','TX','94341','US',TRUE),
  (39,'both','Emma Williams','288 Maple St','Houston','TX','29692','US',TRUE),
  (40,'both','Liam Taylor','192 Maple St','Houston','TX','57477','US',TRUE),
  (41,'both','James Miller','617 Oak St','Denver','CO','96652','US',TRUE),
  (42,'both','Emily Martin','236 Main St','San Antonio','TX','53283','US',TRUE),
  (43,'both','Noah Brown','738 Oak St','Philadelphia','PA','73113','US',TRUE),
  (44,'both','Aiden Harris','692 Main St','Seattle','WA','72786','US',TRUE),
  (45,'both','Charlotte Brown','216 Elm St','Denver','CO','31134','US',TRUE),
  (46,'both','Noah Davis','663 Main St','Dallas','TX','12942','US',TRUE),
  (47,'both','Ava White','250 Oak St','San Diego','CA','26762','US',TRUE),
  (48,'both','Olivia Harris','588 Elm St','New York','NY','31119','US',TRUE),
  (49,'both','Oliver Smith','138 Elm St','Chicago','IL','15136','US',TRUE),
  (50,'both','James Martin','913 Elm St','New York','NY','29249','US',TRUE),
  (51,'both','Harper Smith','58 Maple St','San Diego','CA','43850','US',TRUE),
  (52,'both','Aiden Young','945 Maple St','Chicago','IL','77717','US',TRUE),
  (53,'both','Mason Miller','982 Main St','Denver','CO','88558','US',TRUE),
  (54,'both','Liam Taylor','993 Elm St','Austin','TX','93574','US',TRUE),
  (55,'both','Abigail Thompson','20 Pine St','Dallas','TX','21239','US',TRUE),
  (56,'both','Elijah Williams','222 Main St','Seattle','WA','89498','US',TRUE),
  (57,'both','Harper Brown','483 Main St','Austin','TX','32356','US',TRUE),
  (58,'both','Liam Lewis','225 Main St','Seattle','WA','88753','US',TRUE),
  (59,'both','Emily Thompson','147 Elm St','Houston','TX','33839','US',TRUE),
  (60,'both','Mia Davis','639 Elm St','Chicago','IL','44671','US',TRUE),
  (61,'both','Charlotte Anderson','172 Pine St','Los Angeles','CA','69437','US',TRUE),
  (62,'both','Evelyn Lewis','611 Elm St','Los Angeles','CA','19023','US',TRUE),
  (63,'both','Sophia Thompson','236 Main St','Philadelphia','PA','60523','US',TRUE),
  (64,'both','Lucas Thomas','136 Oak St','San Diego','CA','12170','US',TRUE),
  (65,'both','Mason Lewis','208 Elm St','New York','NY','76107','US',TRUE),
  (66,'both','Oliver Anderson','701 Main St','Chicago','IL','29603','US',TRUE),
  (67,'both','Noah Brown','621 Oak St','Chicago','IL','33255','US',TRUE),
  (68,'both','Mason Lewis','488 Elm St','Houston','TX','88618','US',TRUE),
  (69,'both','Charlotte Wilson','40 Elm St','Phoenix','AZ','75972','US',TRUE),
  (70,'both','Olivia Walker','771 Oak St','New York','NY','22214','US',TRUE),
  (71,'both','Mia Jones','494 Maple St','Chicago','IL','89098','US',TRUE),
  (72,'both','Evelyn Young','553 Oak St','Dallas','TX','98940','US',TRUE),
  (73,'both','Noah Williams','665 Main St','Dallas','TX','78425','US',TRUE),
  (74,'both','Ethan Robinson','431 Pine St','San Antonio','TX','15693','US',TRUE),
  (75,'both','Liam Anderson','715 Elm St','Philadelphia','PA','66224','US',TRUE),
  (76,'both','Lucas Brown','235 Main St','San Antonio','TX','59969','US',TRUE),
  (77,'both','Ava Davis','359 Elm St','San Antonio','TX','85513','US',TRUE),
  (78,'both','Elijah Taylor','101 Main St','Phoenix','AZ','27548','US',TRUE),
  (79,'both','Noah Jackson','261 Main St','Houston','TX','40475','US',TRUE),
  (80,'both','Evelyn Thomas','932 Oak St','Houston','TX','47128','US',TRUE);

INSERT INTO orders (order_id,order_number,customer_id,status,subtotal,discount_amount,shipping_cost,tax_amount,order_total,coupon_code,shipping_method,ip_address,created_at) VALUES
  (1,'ORD-2024-00001',25,'delivered',99.98,0.0,0.0,8.75,108.73,NULL,'standard','127.0.0.1','2024-07-07 00:00:00');
INSERT INTO order_items (order_id,product_id,product_name,sku,quantity,unit_price,line_total) VALUES
  (1,5,'Slim Fit Chinos','CLTH-002',2,49.99,99.98);
INSERT INTO payments (order_id,gateway,method,status,amount,currency,card_brand,card_last4,processed_at) VALUES
  (1,'stripe','paypal','captured',108.73,'USD',NULL,NULL,'2024-07-07 00:00:00');
INSERT INTO orders (order_id,order_number,customer_id,status,subtotal,discount_amount,shipping_cost,tax_amount,order_total,coupon_code,shipping_method,ip_address,created_at) VALUES
  (2,'ORD-2023-00002',43,'processing',3149.94,0.0,0.0,275.62,3425.56,NULL,'standard','127.0.0.1','2023-08-20 00:00:00');
INSERT INTO order_items (order_id,product_id,product_name,sku,quantity,unit_price,line_total) VALUES
  (2,3,'SmartWatch Series X','ELEC-003',1,399.99,399.99),
  (2,5,'Slim Fit Chinos','CLTH-002',3,49.99,149.97),
  (2,1,'ProBook Laptop 15"','ELEC-001',2,1299.99,2599.98);
INSERT INTO payments (order_id,gateway,method,status,amount,currency,card_brand,card_last4,processed_at) VALUES
  (2,'stripe','card','captured',3425.56,'USD','discover','9379','2023-08-20 00:00:00');
INSERT INTO orders (order_id,order_number,customer_id,status,subtotal,discount_amount,shipping_cost,tax_amount,order_total,coupon_code,shipping_method,ip_address,created_at) VALUES
  (3,'ORD-2024-00003',15,'delivered',2749.95,549.99,0.0,192.5,2392.46,'SAVE20','standard','127.0.0.1','2024-07-25 00:00:00');
INSERT INTO order_items (order_id,product_id,product_name,sku,quantity,unit_price,line_total) VALUES
  (3,5,'Slim Fit Chinos','CLTH-002',3,49.99,149.97),
  (3,1,'ProBook Laptop 15"','ELEC-001',2,1299.99,2599.98);
INSERT INTO payments (order_id,gateway,method,status,amount,currency,card_brand,card_last4,processed_at) VALUES
  (3,'stripe','card','captured',2392.46,'USD','discover','2146','2024-07-25 00:00:00');
INSERT INTO orders (order_id,order_number,customer_id,status,subtotal,discount_amount,shipping_cost,tax_amount,order_total,coupon_code,shipping_method,ip_address,created_at) VALUES
  (4,'ORD-2023-00004',80,'delivered',149.97,0.0,0.0,13.12,163.09,NULL,'standard','127.0.0.1','2023-06-23 00:00:00');
INSERT INTO order_items (order_id,product_id,product_name,sku,quantity,unit_price,line_total) VALUES
  (4,5,'Slim Fit Chinos','CLTH-002',3,49.99,149.97);
INSERT INTO payments (order_id,gateway,method,status,amount,currency,card_brand,card_last4,processed_at) VALUES
  (4,'stripe','paypal','captured',163.09,'USD',NULL,NULL,'2023-06-23 00:00:00');
INSERT INTO orders (order_id,order_number,customer_id,status,subtotal,discount_amount,shipping_cost,tax_amount,order_total,coupon_code,shipping_method,ip_address,created_at) VALUES
  (5,'ORD-2024-00005',38,'shipped',724.92,15,0.0,62.12,772.04,'FLAT15','standard','127.0.0.1','2024-02-01 00:00:00');
INSERT INTO order_items (order_id,product_id,product_name,sku,quantity,unit_price,line_total) VALUES
  (5,7,'Bamboo Desk Organizer','HOME-002',3,34.99,104.97),
  (5,3,'SmartWatch Series X','ELEC-003',1,399.99,399.99),
  (5,5,'Slim Fit Chinos','CLTH-002',2,49.99,99.98),
  (5,4,'Classic Oxford Shirt','CLTH-001',2,59.99,119.98);
INSERT INTO payments (order_id,gateway,method,status,amount,currency,card_brand,card_last4,processed_at) VALUES
  (5,'stripe','paypal','captured',772.04,'USD',NULL,NULL,'2024-02-01 00:00:00');
INSERT INTO orders (order_id,order_number,customer_id,status,subtotal,discount_amount,shipping_cost,tax_amount,order_total,coupon_code,shipping_method,ip_address,created_at) VALUES
  (6,'ORD-2024-00006',57,'shipped',2177.89,435.58,0.0,152.45,1894.76,'SAVE20','standard','127.0.0.1','2024-10-12 00:00:00');
INSERT INTO order_items (order_id,product_id,product_name,sku,quantity,unit_price,line_total) VALUES
  (6,3,'SmartWatch Series X','ELEC-003',3,399.99,1199.97),
  (6,2,'UltraSound Headphones','ELEC-002',3,249.99,749.97),
  (6,5,'Slim Fit Chinos','CLTH-002',3,49.99,149.97),
  (6,8,'Clean Code','BOOK-001',2,38.99,77.98);
INSERT INTO payments (order_id,gateway,method,status,amount,currency,card_brand,card_last4,processed_at) VALUES
  (6,'stripe','card','captured',1894.76,'USD','mastercard','4262','2024-10-12 00:00:00');
INSERT INTO orders (order_id,order_number,customer_id,status,subtotal,discount_amount,shipping_cost,tax_amount,order_total,coupon_code,shipping_method,ip_address,created_at) VALUES
  (7,'ORD-2024-00007',4,'shipped',1103.9,0.0,0.0,96.59,1200.49,NULL,'standard','127.0.0.1','2024-01-26 00:00:00');
INSERT INTO order_items (order_id,product_id,product_name,sku,quantity,unit_price,line_total) VALUES
  (7,10,'Vitamin C Serum 30ml','BEAU-001',3,44.99,134.97),
  (7,2,'UltraSound Headphones','ELEC-002',3,249.99,749.97),
  (7,8,'Clean Code','BOOK-001',1,38.99,38.99),
  (7,4,'Classic Oxford Shirt','CLTH-001',3,59.99,179.97);
INSERT INTO payments (order_id,gateway,method,status,amount,currency,card_brand,card_last4,processed_at) VALUES
  (7,'stripe','paypal','captured',1200.49,'USD',NULL,NULL,'2024-01-26 00:00:00');
INSERT INTO orders (order_id,order_number,customer_id,status,subtotal,discount_amount,shipping_cost,tax_amount,order_total,coupon_code,shipping_method,ip_address,created_at) VALUES
  (8,'ORD-2023-00008',32,'delivered',499.98,0.0,0.0,43.75,543.73,'FREESHIP','standard','127.0.0.1','2023-07-19 00:00:00');
INSERT INTO order_items (order_id,product_id,product_name,sku,quantity,unit_price,line_total) VALUES
  (8,2,'UltraSound Headphones','ELEC-002',2,249.99,499.98);
INSERT INTO payments (order_id,gateway,method,status,amount,currency,card_brand,card_last4,processed_at) VALUES
  (8,'stripe','card','captured',543.73,'USD','mastercard','2988','2023-07-19 00:00:00');
INSERT INTO orders (order_id,order_number,customer_id,status,subtotal,discount_amount,shipping_cost,tax_amount,order_total,coupon_code,shipping_method,ip_address,created_at) VALUES
  (9,'ORD-2024-00009',60,'delivered',411.94,0.0,0.0,36.04,447.98,NULL,'standard','127.0.0.1','2024-11-16 00:00:00');
INSERT INTO order_items (order_id,product_id,product_name,sku,quantity,unit_price,line_total) VALUES
  (9,8,'Clean Code','BOOK-001',3,38.99,116.97),
  (9,9,'Trail Running Shoes','SPRT-001',2,129.99,259.98),
  (9,7,'Bamboo Desk Organizer','HOME-002',1,34.99,34.99);
INSERT INTO payments (order_id,gateway,method,status,amount,currency,card_brand,card_last4,processed_at) VALUES
  (9,'stripe','paypal','captured',447.98,'USD',NULL,NULL,'2024-11-16 00:00:00');
INSERT INTO orders (order_id,order_number,customer_id,status,subtotal,discount_amount,shipping_cost,tax_amount,order_total,coupon_code,shipping_method,ip_address,created_at) VALUES
  (10,'ORD-2024-00010',32,'delivered',2918.92,0.0,0.0,255.41,3174.33,NULL,'standard','127.0.0.1','2024-03-26 00:00:00');
INSERT INTO order_items (order_id,product_id,product_name,sku,quantity,unit_price,line_total) VALUES
  (10,4,'Classic Oxford Shirt','CLTH-001',3,59.99,179.97),
  (10,5,'Slim Fit Chinos','CLTH-002',2,49.99,99.98),
  (10,8,'Clean Code','BOOK-001',1,38.99,38.99),
  (10,1,'ProBook Laptop 15"','ELEC-001',2,1299.99,2599.98);
INSERT INTO payments (order_id,gateway,method,status,amount,currency,card_brand,card_last4,processed_at) VALUES
  (10,'stripe','wallet','captured',3174.33,'USD',NULL,NULL,'2024-03-26 00:00:00');
INSERT INTO orders (order_id,order_number,customer_id,status,subtotal,discount_amount,shipping_cost,tax_amount,order_total,coupon_code,shipping_method,ip_address,created_at) VALUES
  (11,'ORD-2024-00011',20,'delivered',619.96,0.0,0.0,54.25,674.21,NULL,'standard','127.0.0.1','2024-05-15 00:00:00');
INSERT INTO order_items (order_id,product_id,product_name,sku,quantity,unit_price,line_total) VALUES
  (11,4,'Classic Oxford Shirt','CLTH-001',2,59.99,119.98),
  (11,2,'UltraSound Headphones','ELEC-002',2,249.99,499.98);
INSERT INTO payments (order_id,gateway,method,status,amount,currency,card_brand,card_last4,processed_at) VALUES
  (11,'stripe','paypal','captured',674.21,'USD',NULL,NULL,'2024-05-15 00:00:00');
INSERT INTO orders (order_id,order_number,customer_id,status,subtotal,discount_amount,shipping_cost,tax_amount,order_total,coupon_code,shipping_method,ip_address,created_at) VALUES
  (12,'ORD-2023-00012',27,'delivered',89.98,0.0,0.0,7.87,97.85,NULL,'standard','127.0.0.1','2023-08-06 00:00:00');
INSERT INTO order_items (order_id,product_id,product_name,sku,quantity,unit_price,line_total) VALUES
  (12,10,'Vitamin C Serum 30ml','BEAU-001',2,44.99,89.98);
INSERT INTO payments (order_id,gateway,method,status,amount,currency,card_brand,card_last4,processed_at) VALUES
  (12,'stripe','card','captured',97.85,'USD','amex','7389','2023-08-06 00:00:00');
INSERT INTO orders (order_id,order_number,customer_id,status,subtotal,discount_amount,shipping_cost,tax_amount,order_total,coupon_code,shipping_method,ip_address,created_at) VALUES
  (13,'ORD-2023-00013',70,'delivered',364.92,0.0,0.0,31.93,396.85,NULL,'standard','127.0.0.1','2023-11-07 00:00:00');
INSERT INTO order_items (order_id,product_id,product_name,sku,quantity,unit_price,line_total) VALUES
  (13,4,'Classic Oxford Shirt','CLTH-001',1,59.99,59.99),
  (13,5,'Slim Fit Chinos','CLTH-002',2,49.99,99.98),
  (13,7,'Bamboo Desk Organizer','HOME-002',2,34.99,69.98),
  (13,10,'Vitamin C Serum 30ml','BEAU-001',3,44.99,134.97);
INSERT INTO payments (order_id,gateway,method,status,amount,currency,card_brand,card_last4,processed_at) VALUES
  (13,'stripe','paypal','captured',396.85,'USD',NULL,NULL,'2023-11-07 00:00:00');
INSERT INTO orders (order_id,order_number,customer_id,status,subtotal,discount_amount,shipping_cost,tax_amount,order_total,coupon_code,shipping_method,ip_address,created_at) VALUES
  (14,'ORD-2024-00014',60,'cancelled',104.97,0.0,0.0,9.18,114.15,NULL,'standard','127.0.0.1','2024-02-14 00:00:00');
INSERT INTO order_items (order_id,product_id,product_name,sku,quantity,unit_price,line_total) VALUES
  (14,7,'Bamboo Desk Organizer','HOME-002',3,34.99,104.97);
INSERT INTO payments (order_id,gateway,method,status,amount,currency,card_brand,card_last4,processed_at) VALUES
  (14,'stripe','card','captured',114.15,'USD','visa','8022','2024-02-14 00:00:00');
INSERT INTO orders (order_id,order_number,customer_id,status,subtotal,discount_amount,shipping_cost,tax_amount,order_total,coupon_code,shipping_method,ip_address,created_at) VALUES
  (15,'ORD-2023-00015',18,'shipped',1089.94,0.0,0.0,95.37,1185.31,NULL,'standard','127.0.0.1','2023-12-12 00:00:00');
INSERT INTO order_items (order_id,product_id,product_name,sku,quantity,unit_price,line_total) VALUES
  (15,7,'Bamboo Desk Organizer','HOME-002',2,34.99,69.98),
  (15,6,'Ergonomic Office Chair','HOME-001',2,449.99,899.98),
  (15,4,'Classic Oxford Shirt','CLTH-001',2,59.99,119.98);
INSERT INTO payments (order_id,gateway,method,status,amount,currency,card_brand,card_last4,processed_at) VALUES
  (15,'stripe','paypal','captured',1185.31,'USD',NULL,NULL,'2023-12-12 00:00:00');
INSERT INTO orders (order_id,order_number,customer_id,status,subtotal,discount_amount,shipping_cost,tax_amount,order_total,coupon_code,shipping_method,ip_address,created_at) VALUES
  (16,'ORD-2024-00016',54,'delivered',2934.92,293.49,0.0,231.13,2872.56,'SAVE10','standard','127.0.0.1','2024-01-10 00:00:00');
INSERT INTO order_items (order_id,product_id,product_name,sku,quantity,unit_price,line_total) VALUES
  (16,1,'ProBook Laptop 15"','ELEC-001',1,1299.99,1299.99),
  (16,9,'Trail Running Shoes','SPRT-001',3,129.99,389.97),
  (16,10,'Vitamin C Serum 30ml','BEAU-001',1,44.99,44.99),
  (16,3,'SmartWatch Series X','ELEC-003',3,399.99,1199.97);
INSERT INTO payments (order_id,gateway,method,status,amount,currency,card_brand,card_last4,processed_at) VALUES
  (16,'stripe','card','captured',2872.56,'USD','mastercard','1333','2024-01-10 00:00:00');
INSERT INTO orders (order_id,order_number,customer_id,status,subtotal,discount_amount,shipping_cost,tax_amount,order_total,coupon_code,shipping_method,ip_address,created_at) VALUES
  (17,'ORD-2023-00017',31,'delivered',44.99,0.0,5.99,3.94,54.92,NULL,'standard','127.0.0.1','2023-03-16 00:00:00');
INSERT INTO order_items (order_id,product_id,product_name,sku,quantity,unit_price,line_total) VALUES
  (17,10,'Vitamin C Serum 30ml','BEAU-001',1,44.99,44.99);
INSERT INTO payments (order_id,gateway,method,status,amount,currency,card_brand,card_last4,processed_at) VALUES
  (17,'stripe','card','captured',54.92,'USD','amex','3749','2023-03-16 00:00:00');
INSERT INTO orders (order_id,order_number,customer_id,status,subtotal,discount_amount,shipping_cost,tax_amount,order_total,coupon_code,shipping_method,ip_address,created_at) VALUES
  (18,'ORD-2024-00018',15,'shipped',4749.92,0.0,0.0,415.62,5165.54,NULL,'standard','127.0.0.1','2024-12-04 00:00:00');
INSERT INTO order_items (order_id,product_id,product_name,sku,quantity,unit_price,line_total) VALUES
  (18,2,'UltraSound Headphones','ELEC-002',3,249.99,749.97),
  (18,1,'ProBook Laptop 15"','ELEC-001',3,1299.99,3899.97),
  (18,5,'Slim Fit Chinos','CLTH-002',2,49.99,99.98);
INSERT INTO payments (order_id,gateway,method,status,amount,currency,card_brand,card_last4,processed_at) VALUES
  (18,'stripe','card','captured',5165.54,'USD','visa','4978','2024-12-04 00:00:00');
INSERT INTO orders (order_id,order_number,customer_id,status,subtotal,discount_amount,shipping_cost,tax_amount,order_total,coupon_code,shipping_method,ip_address,created_at) VALUES
  (19,'ORD-2024-00019',39,'delivered',44.99,0.0,5.99,3.94,54.92,NULL,'standard','127.0.0.1','2024-01-21 00:00:00');
INSERT INTO order_items (order_id,product_id,product_name,sku,quantity,unit_price,line_total) VALUES
  (19,10,'Vitamin C Serum 30ml','BEAU-001',1,44.99,44.99);
INSERT INTO payments (order_id,gateway,method,status,amount,currency,card_brand,card_last4,processed_at) VALUES
  (19,'stripe','paypal','captured',54.92,'USD',NULL,NULL,'2024-01-21 00:00:00');
INSERT INTO orders (order_id,order_number,customer_id,status,subtotal,discount_amount,shipping_cost,tax_amount,order_total,coupon_code,shipping_method,ip_address,created_at) VALUES
  (20,'ORD-2023-00020',9,'delivered',69.98,15,5.99,4.81,65.78,'FLAT15','standard','127.0.0.1','2023-11-20 00:00:00');
INSERT INTO order_items (order_id,product_id,product_name,sku,quantity,unit_price,line_total) VALUES
  (20,7,'Bamboo Desk Organizer','HOME-002',2,34.99,69.98);
INSERT INTO payments (order_id,gateway,method,status,amount,currency,card_brand,card_last4,processed_at) VALUES
  (20,'stripe','paypal','captured',65.78,'USD',NULL,NULL,'2023-11-20 00:00:00');
INSERT INTO orders (order_id,order_number,customer_id,status,subtotal,discount_amount,shipping_cost,tax_amount,order_total,coupon_code,shipping_method,ip_address,created_at) VALUES
  (21,'ORD-2023-00021',56,'delivered',466.93,0.0,0.0,40.86,507.79,NULL,'standard','127.0.0.1','2023-07-31 00:00:00');
INSERT INTO order_items (order_id,product_id,product_name,sku,quantity,unit_price,line_total) VALUES
  (21,10,'Vitamin C Serum 30ml','BEAU-001',2,44.99,89.98),
  (21,9,'Trail Running Shoes','SPRT-001',2,129.99,259.98),
  (21,8,'Clean Code','BOOK-001',3,38.99,116.97);
INSERT INTO payments (order_id,gateway,method,status,amount,currency,card_brand,card_last4,processed_at) VALUES
  (21,'stripe','card','captured',507.79,'USD','mastercard','2419','2023-07-31 00:00:00');
INSERT INTO orders (order_id,order_number,customer_id,status,subtotal,discount_amount,shipping_cost,tax_amount,order_total,coupon_code,shipping_method,ip_address,created_at) VALUES
  (22,'ORD-2024-00022',32,'delivered',2312.94,0.0,0.0,202.38,2515.32,NULL,'standard','127.0.0.1','2024-05-23 00:00:00');
INSERT INTO order_items (order_id,product_id,product_name,sku,quantity,unit_price,line_total) VALUES
  (22,6,'Ergonomic Office Chair','HOME-001',2,449.99,899.98),
  (22,1,'ProBook Laptop 15"','ELEC-001',1,1299.99,1299.99),
  (22,8,'Clean Code','BOOK-001',2,38.99,77.98),
  (22,7,'Bamboo Desk Organizer','HOME-002',1,34.99,34.99);
INSERT INTO payments (order_id,gateway,method,status,amount,currency,card_brand,card_last4,processed_at) VALUES
  (22,'stripe','card','captured',2515.32,'USD','amex','5581','2024-05-23 00:00:00');
INSERT INTO orders (order_id,order_number,customer_id,status,subtotal,discount_amount,shipping_cost,tax_amount,order_total,coupon_code,shipping_method,ip_address,created_at) VALUES
  (23,'ORD-2024-00023',36,'confirmed',869.95,0.0,0.0,76.12,946.07,NULL,'standard','127.0.0.1','2024-07-03 00:00:00');
INSERT INTO order_items (order_id,product_id,product_name,sku,quantity,unit_price,line_total) VALUES
  (23,2,'UltraSound Headphones','ELEC-002',3,249.99,749.97),
  (23,4,'Classic Oxford Shirt','CLTH-001',2,59.99,119.98);
INSERT INTO payments (order_id,gateway,method,status,amount,currency,card_brand,card_last4,processed_at) VALUES
  (23,'stripe','card','captured',946.07,'USD','discover','9041','2024-07-03 00:00:00');
INSERT INTO orders (order_id,order_number,customer_id,status,subtotal,discount_amount,shipping_cost,tax_amount,order_total,coupon_code,shipping_method,ip_address,created_at) VALUES
  (24,'ORD-2023-00024',58,'processing',249.95,0.0,0.0,21.87,271.82,NULL,'standard','127.0.0.1','2023-11-04 00:00:00');
INSERT INTO order_items (order_id,product_id,product_name,sku,quantity,unit_price,line_total) VALUES
  (24,7,'Bamboo Desk Organizer','HOME-002',2,34.99,69.98),
  (24,4,'Classic Oxford Shirt','CLTH-001',3,59.99,179.97);
INSERT INTO payments (order_id,gateway,method,status,amount,currency,card_brand,card_last4,processed_at) VALUES
  (24,'stripe','paypal','captured',271.82,'USD',NULL,NULL,'2023-11-04 00:00:00');
INSERT INTO orders (order_id,order_number,customer_id,status,subtotal,discount_amount,shipping_cost,tax_amount,order_total,coupon_code,shipping_method,ip_address,created_at) VALUES
  (25,'ORD-2024-00025',71,'delivered',1027.95,205.59,0.0,71.96,894.32,'SAVE20','standard','127.0.0.1','2024-10-13 00:00:00');
INSERT INTO order_items (order_id,product_id,product_name,sku,quantity,unit_price,line_total) VALUES
  (25,6,'Ergonomic Office Chair','HOME-001',2,449.99,899.98),
  (25,8,'Clean Code','BOOK-001',2,38.99,77.98),
  (25,5,'Slim Fit Chinos','CLTH-002',1,49.99,49.99);
INSERT INTO payments (order_id,gateway,method,status,amount,currency,card_brand,card_last4,processed_at) VALUES
  (25,'stripe','card','captured',894.32,'USD','visa','9779','2024-10-13 00:00:00');
INSERT INTO orders (order_id,order_number,customer_id,status,subtotal,discount_amount,shipping_cost,tax_amount,order_total,coupon_code,shipping_method,ip_address,created_at) VALUES
  (26,'ORD-2024-00026',25,'delivered',274.96,54.99,0.0,19.25,239.22,'SAVE20','standard','127.0.0.1','2024-04-04 00:00:00');
INSERT INTO order_items (order_id,product_id,product_name,sku,quantity,unit_price,line_total) VALUES
  (26,10,'Vitamin C Serum 30ml','BEAU-001',1,44.99,44.99),
  (26,9,'Trail Running Shoes','SPRT-001',1,129.99,129.99),
  (26,5,'Slim Fit Chinos','CLTH-002',2,49.99,99.98);
INSERT INTO payments (order_id,gateway,method,status,amount,currency,card_brand,card_last4,processed_at) VALUES
  (26,'stripe','card','captured',239.22,'USD','visa','9751','2024-04-04 00:00:00');
INSERT INTO orders (order_id,order_number,customer_id,status,subtotal,discount_amount,shipping_cost,tax_amount,order_total,coupon_code,shipping_method,ip_address,created_at) VALUES
  (27,'ORD-2023-00027',6,'delivered',788.96,0.0,0.0,69.03,857.99,NULL,'standard','127.0.0.1','2023-09-02 00:00:00');
INSERT INTO order_items (order_id,product_id,product_name,sku,quantity,unit_price,line_total) VALUES
  (27,8,'Clean Code','BOOK-001',1,38.99,38.99),
  (27,2,'UltraSound Headphones','ELEC-002',3,249.99,749.97);
INSERT INTO payments (order_id,gateway,method,status,amount,currency,card_brand,card_last4,processed_at) VALUES
  (27,'stripe','paypal','captured',857.99,'USD',NULL,NULL,'2023-09-02 00:00:00');
INSERT INTO orders (order_id,order_number,customer_id,status,subtotal,discount_amount,shipping_cost,tax_amount,order_total,coupon_code,shipping_method,ip_address,created_at) VALUES
  (28,'ORD-2023-00028',24,'shipped',669.9,133.98,0.0,46.89,582.81,'SAVE20','standard','127.0.0.1','2023-11-29 00:00:00');
INSERT INTO order_items (order_id,product_id,product_name,sku,quantity,unit_price,line_total) VALUES
  (28,2,'UltraSound Headphones','ELEC-002',1,249.99,249.99),
  (28,10,'Vitamin C Serum 30ml','BEAU-001',3,44.99,134.97),
  (28,7,'Bamboo Desk Organizer','HOME-002',3,34.99,104.97),
  (28,4,'Classic Oxford Shirt','CLTH-001',3,59.99,179.97);
INSERT INTO payments (order_id,gateway,method,status,amount,currency,card_brand,card_last4,processed_at) VALUES
  (28,'stripe','wallet','captured',582.81,'USD',NULL,NULL,'2023-11-29 00:00:00');
INSERT INTO orders (order_id,order_number,customer_id,status,subtotal,discount_amount,shipping_cost,tax_amount,order_total,coupon_code,shipping_method,ip_address,created_at) VALUES
  (29,'ORD-2024-00029',11,'shipped',574.91,0.0,0.0,50.3,625.21,NULL,'standard','127.0.0.1','2024-04-11 00:00:00');
INSERT INTO order_items (order_id,product_id,product_name,sku,quantity,unit_price,line_total) VALUES
  (29,10,'Vitamin C Serum 30ml','BEAU-001',2,44.99,89.98),
  (29,4,'Classic Oxford Shirt','CLTH-001',2,59.99,119.98),
  (29,7,'Bamboo Desk Organizer','HOME-002',3,34.99,104.97),
  (29,9,'Trail Running Shoes','SPRT-001',2,129.99,259.98);
INSERT INTO payments (order_id,gateway,method,status,amount,currency,card_brand,card_last4,processed_at) VALUES
  (29,'stripe','wallet','captured',625.21,'USD',NULL,NULL,'2024-04-11 00:00:00');
INSERT INTO orders (order_id,order_number,customer_id,status,subtotal,discount_amount,shipping_cost,tax_amount,order_total,coupon_code,shipping_method,ip_address,created_at) VALUES
  (30,'ORD-2024-00030',79,'processing',229.96,45.99,0.0,16.1,200.07,'SAVE20','standard','127.0.0.1','2024-04-26 00:00:00');
INSERT INTO order_items (order_id,product_id,product_name,sku,quantity,unit_price,line_total) VALUES
  (30,4,'Classic Oxford Shirt','CLTH-001',3,59.99,179.97),
  (30,5,'Slim Fit Chinos','CLTH-002',1,49.99,49.99);
INSERT INTO payments (order_id,gateway,method,status,amount,currency,card_brand,card_last4,processed_at) VALUES
  (30,'stripe','wallet','captured',200.07,'USD',NULL,NULL,'2024-04-26 00:00:00');
INSERT INTO orders (order_id,order_number,customer_id,status,subtotal,discount_amount,shipping_cost,tax_amount,order_total,coupon_code,shipping_method,ip_address,created_at) VALUES
  (31,'ORD-2024-00031',10,'confirmed',2872.92,0.0,0.0,251.38,3124.3,NULL,'standard','127.0.0.1','2024-02-02 00:00:00');
INSERT INTO order_items (order_id,product_id,product_name,sku,quantity,unit_price,line_total) VALUES
  (31,10,'Vitamin C Serum 30ml','BEAU-001',1,44.99,44.99),
  (31,8,'Clean Code','BOOK-001',2,38.99,77.98),
  (31,5,'Slim Fit Chinos','CLTH-002',3,49.99,149.97),
  (31,1,'ProBook Laptop 15"','ELEC-001',2,1299.99,2599.98);
INSERT INTO payments (order_id,gateway,method,status,amount,currency,card_brand,card_last4,processed_at) VALUES
  (31,'stripe','paypal','captured',3124.3,'USD',NULL,NULL,'2024-02-02 00:00:00');
INSERT INTO orders (order_id,order_number,customer_id,status,subtotal,discount_amount,shipping_cost,tax_amount,order_total,coupon_code,shipping_method,ip_address,created_at) VALUES
  (32,'ORD-2024-00032',10,'shipped',259.95,0.0,0.0,22.75,282.7,NULL,'standard','127.0.0.1','2024-10-30 00:00:00');
INSERT INTO order_items (order_id,product_id,product_name,sku,quantity,unit_price,line_total) VALUES
  (32,10,'Vitamin C Serum 30ml','BEAU-001',1,44.99,44.99),
  (32,4,'Classic Oxford Shirt','CLTH-001',3,59.99,179.97),
  (32,7,'Bamboo Desk Organizer','HOME-002',1,34.99,34.99);
INSERT INTO payments (order_id,gateway,method,status,amount,currency,card_brand,card_last4,processed_at) VALUES
  (32,'stripe','card','captured',282.7,'USD','mastercard','2169','2024-10-30 00:00:00');
INSERT INTO orders (order_id,order_number,customer_id,status,subtotal,discount_amount,shipping_cost,tax_amount,order_total,coupon_code,shipping_method,ip_address,created_at) VALUES
  (33,'ORD-2024-00033',22,'delivered',751.92,0.0,0.0,65.79,817.71,NULL,'standard','127.0.0.1','2024-02-15 00:00:00');
INSERT INTO order_items (order_id,product_id,product_name,sku,quantity,unit_price,line_total) VALUES
  (33,8,'Clean Code','BOOK-001',3,38.99,116.97),
  (33,2,'UltraSound Headphones','ELEC-002',2,249.99,499.98),
  (33,10,'Vitamin C Serum 30ml','BEAU-001',3,44.99,134.97);
INSERT INTO payments (order_id,gateway,method,status,amount,currency,card_brand,card_last4,processed_at) VALUES
  (33,'stripe','card','captured',817.71,'USD','discover','8172','2024-02-15 00:00:00');
INSERT INTO orders (order_id,order_number,customer_id,status,subtotal,discount_amount,shipping_cost,tax_amount,order_total,coupon_code,shipping_method,ip_address,created_at) VALUES
  (34,'ORD-2024-00034',6,'delivered',4829.91,0.0,0.0,422.62,5252.53,NULL,'standard','127.0.0.1','2024-03-14 00:00:00');
INSERT INTO order_items (order_id,product_id,product_name,sku,quantity,unit_price,line_total) VALUES
  (34,1,'ProBook Laptop 15"','ELEC-001',3,1299.99,3899.97),
  (34,2,'UltraSound Headphones','ELEC-002',3,249.99,749.97),
  (34,4,'Classic Oxford Shirt','CLTH-001',3,59.99,179.97);
INSERT INTO payments (order_id,gateway,method,status,amount,currency,card_brand,card_last4,processed_at) VALUES
  (34,'stripe','card','captured',5252.53,'USD','visa','3870','2024-03-14 00:00:00');
INSERT INTO orders (order_id,order_number,customer_id,status,subtotal,discount_amount,shipping_cost,tax_amount,order_total,coupon_code,shipping_method,ip_address,created_at) VALUES
  (35,'ORD-2024-00035',57,'shipped',1867.91,373.58,0.0,130.75,1625.08,'SAVE20','standard','127.0.0.1','2024-03-23 00:00:00');
INSERT INTO order_items (order_id,product_id,product_name,sku,quantity,unit_price,line_total) VALUES
  (35,8,'Clean Code','BOOK-001',2,38.99,77.98),
  (35,2,'UltraSound Headphones','ELEC-002',2,249.99,499.98),
  (35,10,'Vitamin C Serum 30ml','BEAU-001',2,44.99,89.98),
  (35,3,'SmartWatch Series X','ELEC-003',3,399.99,1199.97);
INSERT INTO payments (order_id,gateway,method,status,amount,currency,card_brand,card_last4,processed_at) VALUES
  (35,'stripe','card','captured',1625.08,'USD','discover','9117','2024-03-23 00:00:00');
INSERT INTO orders (order_id,order_number,customer_id,status,subtotal,discount_amount,shipping_cost,tax_amount,order_total,coupon_code,shipping_method,ip_address,created_at) VALUES
  (36,'ORD-2024-00036',52,'delivered',1699.93,0.0,0.0,148.74,1848.67,NULL,'standard','127.0.0.1','2024-05-02 00:00:00');
INSERT INTO order_items (order_id,product_id,product_name,sku,quantity,unit_price,line_total) VALUES
  (36,2,'UltraSound Headphones','ELEC-002',1,249.99,249.99),
  (36,6,'Ergonomic Office Chair','HOME-001',2,449.99,899.98),
  (36,5,'Slim Fit Chinos','CLTH-002',3,49.99,149.97),
  (36,3,'SmartWatch Series X','ELEC-003',1,399.99,399.99);
INSERT INTO payments (order_id,gateway,method,status,amount,currency,card_brand,card_last4,processed_at) VALUES
  (36,'stripe','wallet','captured',1848.67,'USD',NULL,NULL,'2024-05-02 00:00:00');
INSERT INTO orders (order_id,order_number,customer_id,status,subtotal,discount_amount,shipping_cost,tax_amount,order_total,coupon_code,shipping_method,ip_address,created_at) VALUES
  (37,'ORD-2023-00037',7,'delivered',2336.92,0.0,0.0,204.48,2541.4,NULL,'standard','127.0.0.1','2023-05-30 00:00:00');
INSERT INTO order_items (order_id,product_id,product_name,sku,quantity,unit_price,line_total) VALUES
  (37,8,'Clean Code','BOOK-001',3,38.99,116.97),
  (37,1,'ProBook Laptop 15"','ELEC-001',1,1299.99,1299.99),
  (37,4,'Classic Oxford Shirt','CLTH-001',2,59.99,119.98),
  (37,3,'SmartWatch Series X','ELEC-003',2,399.99,799.98);
INSERT INTO payments (order_id,gateway,method,status,amount,currency,card_brand,card_last4,processed_at) VALUES
  (37,'stripe','paypal','captured',2541.4,'USD',NULL,NULL,'2023-05-30 00:00:00');
INSERT INTO orders (order_id,order_number,customer_id,status,subtotal,discount_amount,shipping_cost,tax_amount,order_total,coupon_code,shipping_method,ip_address,created_at) VALUES
  (38,'ORD-2023-00038',78,'delivered',1464.97,0.0,0.0,128.18,1593.15,NULL,'standard','127.0.0.1','2023-07-24 00:00:00');
INSERT INTO order_items (order_id,product_id,product_name,sku,quantity,unit_price,line_total) VALUES
  (38,9,'Trail Running Shoes','SPRT-001',1,129.99,129.99),
  (38,1,'ProBook Laptop 15"','ELEC-001',1,1299.99,1299.99),
  (38,7,'Bamboo Desk Organizer','HOME-002',1,34.99,34.99);
INSERT INTO payments (order_id,gateway,method,status,amount,currency,card_brand,card_last4,processed_at) VALUES
  (38,'stripe','card','captured',1593.15,'USD','mastercard','9165','2023-07-24 00:00:00');
INSERT INTO orders (order_id,order_number,customer_id,status,subtotal,discount_amount,shipping_cost,tax_amount,order_total,coupon_code,shipping_method,ip_address,created_at) VALUES
  (39,'ORD-2024-00039',66,'delivered',353.93,0.0,0.0,30.97,384.9,NULL,'standard','127.0.0.1','2024-05-12 00:00:00');
INSERT INTO order_items (order_id,product_id,product_name,sku,quantity,unit_price,line_total) VALUES
  (39,8,'Clean Code','BOOK-001',1,38.99,38.99),
  (39,4,'Classic Oxford Shirt','CLTH-001',2,59.99,119.98),
  (39,10,'Vitamin C Serum 30ml','BEAU-001',1,44.99,44.99),
  (39,5,'Slim Fit Chinos','CLTH-002',3,49.99,149.97);
INSERT INTO payments (order_id,gateway,method,status,amount,currency,card_brand,card_last4,processed_at) VALUES
  (39,'stripe','card','captured',384.9,'USD','visa','5526','2024-05-12 00:00:00');
INSERT INTO orders (order_id,order_number,customer_id,status,subtotal,discount_amount,shipping_cost,tax_amount,order_total,coupon_code,shipping_method,ip_address,created_at) VALUES
  (40,'ORD-2024-00040',65,'delivered',1016.93,0.0,0.0,88.98,1105.91,NULL,'standard','127.0.0.1','2024-04-23 00:00:00');
INSERT INTO order_items (order_id,product_id,product_name,sku,quantity,unit_price,line_total) VALUES
  (40,5,'Slim Fit Chinos','CLTH-002',2,49.99,99.98),
  (40,8,'Clean Code','BOOK-001',3,38.99,116.97),
  (40,3,'SmartWatch Series X','ELEC-003',2,399.99,799.98);
INSERT INTO payments (order_id,gateway,method,status,amount,currency,card_brand,card_last4,processed_at) VALUES
  (40,'stripe','wallet','captured',1105.91,'USD',NULL,NULL,'2024-04-23 00:00:00');
INSERT INTO orders (order_id,order_number,customer_id,status,subtotal,discount_amount,shipping_cost,tax_amount,order_total,coupon_code,shipping_method,ip_address,created_at) VALUES
  (41,'ORD-2024-00041',59,'delivered',114.97,0.0,0.0,10.06,125.03,'FREESHIP','standard','127.0.0.1','2024-05-22 00:00:00');
INSERT INTO order_items (order_id,product_id,product_name,sku,quantity,unit_price,line_total) VALUES
  (41,10,'Vitamin C Serum 30ml','BEAU-001',1,44.99,44.99),
  (41,7,'Bamboo Desk Organizer','HOME-002',2,34.99,69.98);
INSERT INTO payments (order_id,gateway,method,status,amount,currency,card_brand,card_last4,processed_at) VALUES
  (41,'stripe','paypal','captured',125.03,'USD',NULL,NULL,'2024-05-22 00:00:00');
INSERT INTO orders (order_id,order_number,customer_id,status,subtotal,discount_amount,shipping_cost,tax_amount,order_total,coupon_code,shipping_method,ip_address,created_at) VALUES
  (42,'ORD-2024-00042',20,'cancelled',1029.97,0.0,0.0,90.12,1120.09,'FREESHIP','standard','127.0.0.1','2024-09-27 00:00:00');
INSERT INTO order_items (order_id,product_id,product_name,sku,quantity,unit_price,line_total) VALUES
  (42,9,'Trail Running Shoes','SPRT-001',1,129.99,129.99),
  (42,6,'Ergonomic Office Chair','HOME-001',2,449.99,899.98);
INSERT INTO payments (order_id,gateway,method,status,amount,currency,card_brand,card_last4,processed_at) VALUES
  (42,'stripe','card','captured',1120.09,'USD','mastercard','7717','2024-09-27 00:00:00');
INSERT INTO orders (order_id,order_number,customer_id,status,subtotal,discount_amount,shipping_cost,tax_amount,order_total,coupon_code,shipping_method,ip_address,created_at) VALUES
  (43,'ORD-2024-00043',20,'delivered',1754.92,0.0,0.0,153.56,1908.48,NULL,'standard','127.0.0.1','2024-02-25 00:00:00');
INSERT INTO order_items (order_id,product_id,product_name,sku,quantity,unit_price,line_total) VALUES
  (43,6,'Ergonomic Office Chair','HOME-001',2,449.99,899.98),
  (43,7,'Bamboo Desk Organizer','HOME-002',3,34.99,104.97),
  (43,2,'UltraSound Headphones','ELEC-002',3,249.99,749.97);
INSERT INTO payments (order_id,gateway,method,status,amount,currency,card_brand,card_last4,processed_at) VALUES
  (43,'stripe','card','captured',1908.48,'USD','discover','9864','2024-02-25 00:00:00');
INSERT INTO orders (order_id,order_number,customer_id,status,subtotal,discount_amount,shipping_cost,tax_amount,order_total,coupon_code,shipping_method,ip_address,created_at) VALUES
  (44,'ORD-2023-00044',9,'delivered',914.93,0.0,0.0,80.06,994.99,NULL,'standard','127.0.0.1','2023-07-04 00:00:00');
INSERT INTO order_items (order_id,product_id,product_name,sku,quantity,unit_price,line_total) VALUES
  (44,4,'Classic Oxford Shirt','CLTH-001',1,59.99,59.99),
  (44,2,'UltraSound Headphones','ELEC-002',3,249.99,749.97),
  (44,7,'Bamboo Desk Organizer','HOME-002',3,34.99,104.97);
INSERT INTO payments (order_id,gateway,method,status,amount,currency,card_brand,card_last4,processed_at) VALUES
  (44,'stripe','paypal','captured',994.99,'USD',NULL,NULL,'2023-07-04 00:00:00');
INSERT INTO orders (order_id,order_number,customer_id,status,subtotal,discount_amount,shipping_cost,tax_amount,order_total,coupon_code,shipping_method,ip_address,created_at) VALUES
  (45,'ORD-2023-00045',39,'processing',99.98,0.0,0.0,8.75,108.73,NULL,'standard','127.0.0.1','2023-02-19 00:00:00');
INSERT INTO order_items (order_id,product_id,product_name,sku,quantity,unit_price,line_total) VALUES
  (45,5,'Slim Fit Chinos','CLTH-002',2,49.99,99.98);
INSERT INTO payments (order_id,gateway,method,status,amount,currency,card_brand,card_last4,processed_at) VALUES
  (45,'stripe','card','captured',108.73,'USD','mastercard','9702','2023-02-19 00:00:00');
INSERT INTO orders (order_id,order_number,customer_id,status,subtotal,discount_amount,shipping_cost,tax_amount,order_total,coupon_code,shipping_method,ip_address,created_at) VALUES
  (46,'ORD-2024-00046',53,'delivered',534.96,0.0,0.0,46.81,581.77,NULL,'standard','127.0.0.1','2024-07-21 00:00:00');
INSERT INTO order_items (order_id,product_id,product_name,sku,quantity,unit_price,line_total) VALUES
  (46,3,'SmartWatch Series X','ELEC-003',1,399.99,399.99),
  (46,10,'Vitamin C Serum 30ml','BEAU-001',3,44.99,134.97);
INSERT INTO payments (order_id,gateway,method,status,amount,currency,card_brand,card_last4,processed_at) VALUES
  (46,'stripe','wallet','captured',581.77,'USD',NULL,NULL,'2024-07-21 00:00:00');
INSERT INTO orders (order_id,order_number,customer_id,status,subtotal,discount_amount,shipping_cost,tax_amount,order_total,coupon_code,shipping_method,ip_address,created_at) VALUES
  (47,'ORD-2024-00047',64,'shipped',1567.92,0.0,0.0,137.19,1705.11,NULL,'standard','127.0.0.1','2024-07-31 00:00:00');
INSERT INTO order_items (order_id,product_id,product_name,sku,quantity,unit_price,line_total) VALUES
  (47,5,'Slim Fit Chinos','CLTH-002',1,49.99,49.99),
  (47,8,'Clean Code','BOOK-001',2,38.99,77.98),
  (47,10,'Vitamin C Serum 30ml','BEAU-001',2,44.99,89.98),
  (47,6,'Ergonomic Office Chair','HOME-001',3,449.99,1349.97);
INSERT INTO payments (order_id,gateway,method,status,amount,currency,card_brand,card_last4,processed_at) VALUES
  (47,'stripe','card','captured',1705.11,'USD','discover','6661','2024-07-31 00:00:00');
INSERT INTO orders (order_id,order_number,customer_id,status,subtotal,discount_amount,shipping_cost,tax_amount,order_total,coupon_code,shipping_method,ip_address,created_at) VALUES
  (48,'ORD-2023-00048',39,'cancelled',237.95,15,0.0,19.51,242.46,'FLAT15','standard','127.0.0.1','2023-12-29 00:00:00');
INSERT INTO order_items (order_id,product_id,product_name,sku,quantity,unit_price,line_total) VALUES
  (48,8,'Clean Code','BOOK-001',2,38.99,77.98),
  (48,5,'Slim Fit Chinos','CLTH-002',2,49.99,99.98),
  (48,4,'Classic Oxford Shirt','CLTH-001',1,59.99,59.99);
INSERT INTO payments (order_id,gateway,method,status,amount,currency,card_brand,card_last4,processed_at) VALUES
  (48,'stripe','wallet','captured',242.46,'USD',NULL,NULL,'2023-12-29 00:00:00');
INSERT INTO orders (order_id,order_number,customer_id,status,subtotal,discount_amount,shipping_cost,tax_amount,order_total,coupon_code,shipping_method,ip_address,created_at) VALUES
  (49,'ORD-2024-00049',38,'delivered',3054.92,0.0,0.0,267.31,3322.23,NULL,'standard','127.0.0.1','2024-04-16 00:00:00');
INSERT INTO order_items (order_id,product_id,product_name,sku,quantity,unit_price,line_total) VALUES
  (49,5,'Slim Fit Chinos','CLTH-002',3,49.99,149.97),
  (49,1,'ProBook Laptop 15"','ELEC-001',2,1299.99,2599.98),
  (49,9,'Trail Running Shoes','SPRT-001',2,129.99,259.98),
  (49,10,'Vitamin C Serum 30ml','BEAU-001',1,44.99,44.99);
INSERT INTO payments (order_id,gateway,method,status,amount,currency,card_brand,card_last4,processed_at) VALUES
  (49,'stripe','card','captured',3322.23,'USD','mastercard','4115','2024-04-16 00:00:00');
INSERT INTO orders (order_id,order_number,customer_id,status,subtotal,discount_amount,shipping_cost,tax_amount,order_total,coupon_code,shipping_method,ip_address,created_at) VALUES
  (50,'ORD-2024-00050',18,'processing',99.98,15,0.0,7.44,92.42,'FLAT15','standard','127.0.0.1','2024-03-06 00:00:00');
INSERT INTO order_items (order_id,product_id,product_name,sku,quantity,unit_price,line_total) VALUES
  (50,5,'Slim Fit Chinos','CLTH-002',2,49.99,99.98);
INSERT INTO payments (order_id,gateway,method,status,amount,currency,card_brand,card_last4,processed_at) VALUES
  (50,'stripe','card','captured',92.42,'USD','visa','5835','2024-03-06 00:00:00');
INSERT INTO orders (order_id,order_number,customer_id,status,subtotal,discount_amount,shipping_cost,tax_amount,order_total,coupon_code,shipping_method,ip_address,created_at) VALUES
  (51,'ORD-2024-00051',42,'delivered',1189.95,0.0,0.0,104.12,1294.07,NULL,'standard','127.0.0.1','2024-04-25 00:00:00');
INSERT INTO order_items (order_id,product_id,product_name,sku,quantity,unit_price,line_total) VALUES
  (51,3,'SmartWatch Series X','ELEC-003',2,399.99,799.98),
  (51,9,'Trail Running Shoes','SPRT-001',3,129.99,389.97);
INSERT INTO payments (order_id,gateway,method,status,amount,currency,card_brand,card_last4,processed_at) VALUES
  (51,'stripe','card','captured',1294.07,'USD','mastercard','5210','2024-04-25 00:00:00');
INSERT INTO orders (order_id,order_number,customer_id,status,subtotal,discount_amount,shipping_cost,tax_amount,order_total,coupon_code,shipping_method,ip_address,created_at) VALUES
  (52,'ORD-2024-00052',44,'delivered',399.99,0.0,0.0,35.0,434.99,NULL,'standard','127.0.0.1','2024-01-29 00:00:00');
INSERT INTO order_items (order_id,product_id,product_name,sku,quantity,unit_price,line_total) VALUES
  (52,3,'SmartWatch Series X','ELEC-003',1,399.99,399.99);
INSERT INTO payments (order_id,gateway,method,status,amount,currency,card_brand,card_last4,processed_at) VALUES
  (52,'stripe','paypal','captured',434.99,'USD',NULL,NULL,'2024-01-29 00:00:00');
INSERT INTO orders (order_id,order_number,customer_id,status,subtotal,discount_amount,shipping_cost,tax_amount,order_total,coupon_code,shipping_method,ip_address,created_at) VALUES
  (53,'ORD-2024-00053',12,'confirmed',77.98,0.0,0.0,6.82,84.8,NULL,'standard','127.0.0.1','2024-02-02 00:00:00');
INSERT INTO order_items (order_id,product_id,product_name,sku,quantity,unit_price,line_total) VALUES
  (53,8,'Clean Code','BOOK-001',2,38.99,77.98);
INSERT INTO payments (order_id,gateway,method,status,amount,currency,card_brand,card_last4,processed_at) VALUES
  (53,'stripe','card','captured',84.8,'USD','discover','7086','2024-02-02 00:00:00');
INSERT INTO orders (order_id,order_number,customer_id,status,subtotal,discount_amount,shipping_cost,tax_amount,order_total,coupon_code,shipping_method,ip_address,created_at) VALUES
  (54,'ORD-2024-00054',14,'shipped',134.97,0.0,0.0,11.81,146.78,NULL,'standard','127.0.0.1','2024-11-26 00:00:00');
INSERT INTO order_items (order_id,product_id,product_name,sku,quantity,unit_price,line_total) VALUES
  (54,10,'Vitamin C Serum 30ml','BEAU-001',3,44.99,134.97);
INSERT INTO payments (order_id,gateway,method,status,amount,currency,card_brand,card_last4,processed_at) VALUES
  (54,'stripe','wallet','captured',146.78,'USD',NULL,NULL,'2024-11-26 00:00:00');
INSERT INTO orders (order_id,order_number,customer_id,status,subtotal,discount_amount,shipping_cost,tax_amount,order_total,coupon_code,shipping_method,ip_address,created_at) VALUES
  (55,'ORD-2024-00055',9,'delivered',1084.96,0.0,0.0,94.93,1179.89,NULL,'standard','127.0.0.1','2024-01-25 00:00:00');
INSERT INTO order_items (order_id,product_id,product_name,sku,quantity,unit_price,line_total) VALUES
  (55,7,'Bamboo Desk Organizer','HOME-002',1,34.99,34.99),
  (55,2,'UltraSound Headphones','ELEC-002',1,249.99,249.99),
  (55,3,'SmartWatch Series X','ELEC-003',2,399.99,799.98);
INSERT INTO payments (order_id,gateway,method,status,amount,currency,card_brand,card_last4,processed_at) VALUES
  (55,'stripe','card','captured',1179.89,'USD','visa','4846','2024-01-25 00:00:00');
INSERT INTO orders (order_id,order_number,customer_id,status,subtotal,discount_amount,shipping_cost,tax_amount,order_total,coupon_code,shipping_method,ip_address,created_at) VALUES
  (56,'ORD-2023-00056',50,'delivered',1849.92,0.0,0.0,161.87,2011.79,NULL,'standard','127.0.0.1','2023-11-14 00:00:00');
INSERT INTO order_items (order_id,product_id,product_name,sku,quantity,unit_price,line_total) VALUES
  (56,10,'Vitamin C Serum 30ml','BEAU-001',1,44.99,44.99),
  (56,3,'SmartWatch Series X','ELEC-003',2,399.99,799.98),
  (56,7,'Bamboo Desk Organizer','HOME-002',3,34.99,104.97),
  (56,6,'Ergonomic Office Chair','HOME-001',2,449.99,899.98);
INSERT INTO payments (order_id,gateway,method,status,amount,currency,card_brand,card_last4,processed_at) VALUES
  (56,'stripe','card','captured',2011.79,'USD','visa','7070','2023-11-14 00:00:00');
INSERT INTO orders (order_id,order_number,customer_id,status,subtotal,discount_amount,shipping_cost,tax_amount,order_total,coupon_code,shipping_method,ip_address,created_at) VALUES
  (57,'ORD-2024-00057',57,'delivered',1349.97,0.0,0.0,118.12,1468.09,NULL,'standard','127.0.0.1','2024-03-01 00:00:00');
INSERT INTO order_items (order_id,product_id,product_name,sku,quantity,unit_price,line_total) VALUES
  (57,6,'Ergonomic Office Chair','HOME-001',3,449.99,1349.97);
INSERT INTO payments (order_id,gateway,method,status,amount,currency,card_brand,card_last4,processed_at) VALUES
  (57,'stripe','card','captured',1468.09,'USD','visa','7523','2024-03-01 00:00:00');
INSERT INTO orders (order_id,order_number,customer_id,status,subtotal,discount_amount,shipping_cost,tax_amount,order_total,coupon_code,shipping_method,ip_address,created_at) VALUES
  (58,'ORD-2024-00058',16,'processing',2644.97,528.99,0.0,185.15,2301.13,'SAVE20','standard','127.0.0.1','2024-07-14 00:00:00');
INSERT INTO order_items (order_id,product_id,product_name,sku,quantity,unit_price,line_total) VALUES
  (58,10,'Vitamin C Serum 30ml','BEAU-001',1,44.99,44.99),
  (58,1,'ProBook Laptop 15"','ELEC-001',2,1299.99,2599.98);
INSERT INTO payments (order_id,gateway,method,status,amount,currency,card_brand,card_last4,processed_at) VALUES
  (58,'stripe','wallet','captured',2301.13,'USD',NULL,NULL,'2024-07-14 00:00:00');
INSERT INTO orders (order_id,order_number,customer_id,status,subtotal,discount_amount,shipping_cost,tax_amount,order_total,coupon_code,shipping_method,ip_address,created_at) VALUES
  (59,'ORD-2023-00059',27,'delivered',164.97,0.0,0.0,14.43,179.4,NULL,'standard','127.0.0.1','2023-02-07 00:00:00');
INSERT INTO order_items (order_id,product_id,product_name,sku,quantity,unit_price,line_total) VALUES
  (59,10,'Vitamin C Serum 30ml','BEAU-001',1,44.99,44.99),
  (59,4,'Classic Oxford Shirt','CLTH-001',2,59.99,119.98);
INSERT INTO payments (order_id,gateway,method,status,amount,currency,card_brand,card_last4,processed_at) VALUES
  (59,'stripe','wallet','captured',179.4,'USD',NULL,NULL,'2023-02-07 00:00:00');
INSERT INTO orders (order_id,order_number,customer_id,status,subtotal,discount_amount,shipping_cost,tax_amount,order_total,coupon_code,shipping_method,ip_address,created_at) VALUES
  (60,'ORD-2024-00060',19,'delivered',1549.98,0.0,0.0,135.62,1685.6,NULL,'standard','127.0.0.1','2024-02-01 00:00:00');
INSERT INTO order_items (order_id,product_id,product_name,sku,quantity,unit_price,line_total) VALUES
  (60,2,'UltraSound Headphones','ELEC-002',1,249.99,249.99),
  (60,1,'ProBook Laptop 15"','ELEC-001',1,1299.99,1299.99);
INSERT INTO payments (order_id,gateway,method,status,amount,currency,card_brand,card_last4,processed_at) VALUES
  (60,'stripe','card','captured',1685.6,'USD','amex','1258','2024-02-01 00:00:00');
INSERT INTO orders (order_id,order_number,customer_id,status,subtotal,discount_amount,shipping_cost,tax_amount,order_total,coupon_code,shipping_method,ip_address,created_at) VALUES
  (61,'ORD-2023-00061',7,'delivered',499.98,0.0,0.0,43.75,543.73,NULL,'standard','127.0.0.1','2023-04-28 00:00:00');
INSERT INTO order_items (order_id,product_id,product_name,sku,quantity,unit_price,line_total) VALUES
  (61,2,'UltraSound Headphones','ELEC-002',2,249.99,499.98);
INSERT INTO payments (order_id,gateway,method,status,amount,currency,card_brand,card_last4,processed_at) VALUES
  (61,'stripe','card','captured',543.73,'USD','visa','8405','2023-04-28 00:00:00');
INSERT INTO orders (order_id,order_number,customer_id,status,subtotal,discount_amount,shipping_cost,tax_amount,order_total,coupon_code,shipping_method,ip_address,created_at) VALUES
  (62,'ORD-2023-00062',79,'delivered',2937.94,0.0,0.0,257.07,3195.01,NULL,'standard','127.0.0.1','2023-05-06 00:00:00');
INSERT INTO order_items (order_id,product_id,product_name,sku,quantity,unit_price,line_total) VALUES
  (62,8,'Clean Code','BOOK-001',2,38.99,77.98),
  (62,1,'ProBook Laptop 15"','ELEC-001',2,1299.99,2599.98),
  (62,9,'Trail Running Shoes','SPRT-001',2,129.99,259.98);
INSERT INTO payments (order_id,gateway,method,status,amount,currency,card_brand,card_last4,processed_at) VALUES
  (62,'stripe','paypal','captured',3195.01,'USD',NULL,NULL,'2023-05-06 00:00:00');
INSERT INTO orders (order_id,order_number,customer_id,status,subtotal,discount_amount,shipping_cost,tax_amount,order_total,coupon_code,shipping_method,ip_address,created_at) VALUES
  (63,'ORD-2023-00063',10,'delivered',1699.95,0.0,0.0,148.75,1848.7,NULL,'standard','127.0.0.1','2023-12-25 00:00:00');
INSERT INTO order_items (order_id,product_id,product_name,sku,quantity,unit_price,line_total) VALUES
  (63,2,'UltraSound Headphones','ELEC-002',2,249.99,499.98),
  (63,3,'SmartWatch Series X','ELEC-003',3,399.99,1199.97);
INSERT INTO payments (order_id,gateway,method,status,amount,currency,card_brand,card_last4,processed_at) VALUES
  (63,'stripe','wallet','captured',1848.7,'USD',NULL,NULL,'2023-12-25 00:00:00');
INSERT INTO orders (order_id,order_number,customer_id,status,subtotal,discount_amount,shipping_cost,tax_amount,order_total,coupon_code,shipping_method,ip_address,created_at) VALUES
  (64,'ORD-2024-00064',49,'delivered',1309.9,0.0,0.0,114.62,1424.52,NULL,'standard','127.0.0.1','2024-05-29 00:00:00');
INSERT INTO order_items (order_id,product_id,product_name,sku,quantity,unit_price,line_total) VALUES
  (64,9,'Trail Running Shoes','SPRT-001',3,129.99,389.97),
  (64,7,'Bamboo Desk Organizer','HOME-002',1,34.99,34.99),
  (64,2,'UltraSound Headphones','ELEC-002',3,249.99,749.97),
  (64,10,'Vitamin C Serum 30ml','BEAU-001',3,44.99,134.97);
INSERT INTO payments (order_id,gateway,method,status,amount,currency,card_brand,card_last4,processed_at) VALUES
  (64,'stripe','wallet','captured',1424.52,'USD',NULL,NULL,'2024-05-29 00:00:00');
INSERT INTO orders (order_id,order_number,customer_id,status,subtotal,discount_amount,shipping_cost,tax_amount,order_total,coupon_code,shipping_method,ip_address,created_at) VALUES
  (65,'ORD-2023-00065',56,'delivered',1578.92,0.0,0.0,138.16,1717.08,NULL,'standard','127.0.0.1','2023-12-19 00:00:00');
INSERT INTO order_items (order_id,product_id,product_name,sku,quantity,unit_price,line_total) VALUES
  (65,6,'Ergonomic Office Chair','HOME-001',3,449.99,1349.97),
  (65,8,'Clean Code','BOOK-001',1,38.99,38.99),
  (65,7,'Bamboo Desk Organizer','HOME-002',2,34.99,69.98),
  (65,4,'Classic Oxford Shirt','CLTH-001',2,59.99,119.98);
INSERT INTO payments (order_id,gateway,method,status,amount,currency,card_brand,card_last4,processed_at) VALUES
  (65,'stripe','card','captured',1717.08,'USD','amex','3500','2023-12-19 00:00:00');
INSERT INTO orders (order_id,order_number,customer_id,status,subtotal,discount_amount,shipping_cost,tax_amount,order_total,coupon_code,shipping_method,ip_address,created_at) VALUES
  (66,'ORD-2023-00066',9,'delivered',34.99,0.0,5.99,3.06,44.04,NULL,'standard','127.0.0.1','2023-04-21 00:00:00');
INSERT INTO order_items (order_id,product_id,product_name,sku,quantity,unit_price,line_total) VALUES
  (66,7,'Bamboo Desk Organizer','HOME-002',1,34.99,34.99);
INSERT INTO payments (order_id,gateway,method,status,amount,currency,card_brand,card_last4,processed_at) VALUES
  (66,'stripe','card','captured',44.04,'USD','mastercard','1982','2023-04-21 00:00:00');
INSERT INTO orders (order_id,order_number,customer_id,status,subtotal,discount_amount,shipping_cost,tax_amount,order_total,coupon_code,shipping_method,ip_address,created_at) VALUES
  (67,'ORD-2023-00067',72,'delivered',4419.92,0.0,0.0,386.74,4806.66,NULL,'standard','127.0.0.1','2023-06-23 00:00:00');
INSERT INTO order_items (order_id,product_id,product_name,sku,quantity,unit_price,line_total) VALUES
  (67,6,'Ergonomic Office Chair','HOME-001',3,449.99,1349.97),
  (67,7,'Bamboo Desk Organizer','HOME-002',2,34.99,69.98),
  (67,1,'ProBook Laptop 15"','ELEC-001',2,1299.99,2599.98),
  (67,3,'SmartWatch Series X','ELEC-003',1,399.99,399.99);
INSERT INTO payments (order_id,gateway,method,status,amount,currency,card_brand,card_last4,processed_at) VALUES
  (67,'stripe','card','captured',4806.66,'USD','mastercard','8900','2023-06-23 00:00:00');
INSERT INTO orders (order_id,order_number,customer_id,status,subtotal,discount_amount,shipping_cost,tax_amount,order_total,coupon_code,shipping_method,ip_address,created_at) VALUES
  (68,'ORD-2024-00068',45,'delivered',419.91,0.0,0.0,36.74,456.65,NULL,'standard','127.0.0.1','2024-04-03 00:00:00');
INSERT INTO order_items (order_id,product_id,product_name,sku,quantity,unit_price,line_total) VALUES
  (68,10,'Vitamin C Serum 30ml','BEAU-001',3,44.99,134.97),
  (68,4,'Classic Oxford Shirt','CLTH-001',3,59.99,179.97),
  (68,7,'Bamboo Desk Organizer','HOME-002',3,34.99,104.97);
INSERT INTO payments (order_id,gateway,method,status,amount,currency,card_brand,card_last4,processed_at) VALUES
  (68,'stripe','wallet','captured',456.65,'USD',NULL,NULL,'2024-04-03 00:00:00');
INSERT INTO orders (order_id,order_number,customer_id,status,subtotal,discount_amount,shipping_cost,tax_amount,order_total,coupon_code,shipping_method,ip_address,created_at) VALUES
  (69,'ORD-2023-00069',35,'shipped',4394.95,0.0,0.0,384.56,4779.51,NULL,'standard','127.0.0.1','2023-10-19 00:00:00');
INSERT INTO order_items (order_id,product_id,product_name,sku,quantity,unit_price,line_total) VALUES
  (69,6,'Ergonomic Office Chair','HOME-001',1,449.99,449.99),
  (69,10,'Vitamin C Serum 30ml','BEAU-001',1,44.99,44.99),
  (69,1,'ProBook Laptop 15"','ELEC-001',3,1299.99,3899.97);
INSERT INTO payments (order_id,gateway,method,status,amount,currency,card_brand,card_last4,processed_at) VALUES
  (69,'stripe','card','captured',4779.51,'USD','mastercard','1502','2023-10-19 00:00:00');
INSERT INTO orders (order_id,order_number,customer_id,status,subtotal,discount_amount,shipping_cost,tax_amount,order_total,coupon_code,shipping_method,ip_address,created_at) VALUES
  (70,'ORD-2024-00070',68,'delivered',2674.89,267.49,0.0,210.65,2618.05,'SAVE10','standard','127.0.0.1','2024-04-07 00:00:00');
INSERT INTO order_items (order_id,product_id,product_name,sku,quantity,unit_price,line_total) VALUES
  (70,6,'Ergonomic Office Chair','HOME-001',3,449.99,1349.97),
  (70,3,'SmartWatch Series X','ELEC-003',2,399.99,799.98),
  (70,10,'Vitamin C Serum 30ml','BEAU-001',3,44.99,134.97),
  (70,9,'Trail Running Shoes','SPRT-001',3,129.99,389.97);
INSERT INTO payments (order_id,gateway,method,status,amount,currency,card_brand,card_last4,processed_at) VALUES
  (70,'stripe','card','captured',2618.05,'USD','mastercard','1815','2024-04-07 00:00:00');
INSERT INTO orders (order_id,order_number,customer_id,status,subtotal,discount_amount,shipping_cost,tax_amount,order_total,coupon_code,shipping_method,ip_address,created_at) VALUES
  (71,'ORD-2024-00071',35,'delivered',996.93,0.0,0.0,87.23,1084.16,NULL,'standard','127.0.0.1','2024-05-18 00:00:00');
INSERT INTO order_items (order_id,product_id,product_name,sku,quantity,unit_price,line_total) VALUES
  (71,10,'Vitamin C Serum 30ml','BEAU-001',1,44.99,44.99),
  (71,8,'Clean Code','BOOK-001',3,38.99,116.97),
  (71,7,'Bamboo Desk Organizer','HOME-002',1,34.99,34.99),
  (71,3,'SmartWatch Series X','ELEC-003',2,399.99,799.98);
INSERT INTO payments (order_id,gateway,method,status,amount,currency,card_brand,card_last4,processed_at) VALUES
  (71,'stripe','card','captured',1084.16,'USD','discover','9633','2024-05-18 00:00:00');
INSERT INTO orders (order_id,order_number,customer_id,status,subtotal,discount_amount,shipping_cost,tax_amount,order_total,coupon_code,shipping_method,ip_address,created_at) VALUES
  (72,'ORD-2023-00072',6,'delivered',1299.99,0.0,0.0,113.75,1413.74,NULL,'standard','127.0.0.1','2023-11-26 00:00:00');
INSERT INTO order_items (order_id,product_id,product_name,sku,quantity,unit_price,line_total) VALUES
  (72,1,'ProBook Laptop 15"','ELEC-001',1,1299.99,1299.99);
INSERT INTO payments (order_id,gateway,method,status,amount,currency,card_brand,card_last4,processed_at) VALUES
  (72,'stripe','card','captured',1413.74,'USD','mastercard','5186','2023-11-26 00:00:00');
INSERT INTO orders (order_id,order_number,customer_id,status,subtotal,discount_amount,shipping_cost,tax_amount,order_total,coupon_code,shipping_method,ip_address,created_at) VALUES
  (73,'ORD-2023-00073',16,'delivered',1499.9,0.0,0.0,131.24,1631.14,NULL,'standard','127.0.0.1','2023-11-28 00:00:00');
INSERT INTO order_items (order_id,product_id,product_name,sku,quantity,unit_price,line_total) VALUES
  (73,3,'SmartWatch Series X','ELEC-003',3,399.99,1199.97),
  (73,10,'Vitamin C Serum 30ml','BEAU-001',1,44.99,44.99),
  (73,7,'Bamboo Desk Organizer','HOME-002',3,34.99,104.97),
  (73,5,'Slim Fit Chinos','CLTH-002',3,49.99,149.97);
INSERT INTO payments (order_id,gateway,method,status,amount,currency,card_brand,card_last4,processed_at) VALUES
  (73,'stripe','card','captured',1631.14,'USD','visa','7505','2023-11-28 00:00:00');
INSERT INTO orders (order_id,order_number,customer_id,status,subtotal,discount_amount,shipping_cost,tax_amount,order_total,coupon_code,shipping_method,ip_address,created_at) VALUES
  (74,'ORD-2023-00074',56,'delivered',1349.97,0.0,0.0,118.12,1468.09,NULL,'standard','127.0.0.1','2023-05-11 00:00:00');
INSERT INTO order_items (order_id,product_id,product_name,sku,quantity,unit_price,line_total) VALUES
  (74,6,'Ergonomic Office Chair','HOME-001',3,449.99,1349.97);
INSERT INTO payments (order_id,gateway,method,status,amount,currency,card_brand,card_last4,processed_at) VALUES
  (74,'stripe','paypal','captured',1468.09,'USD',NULL,NULL,'2023-05-11 00:00:00');
INSERT INTO orders (order_id,order_number,customer_id,status,subtotal,discount_amount,shipping_cost,tax_amount,order_total,coupon_code,shipping_method,ip_address,created_at) VALUES
  (75,'ORD-2024-00075',54,'processing',449.99,0.0,0.0,39.37,489.36,NULL,'standard','127.0.0.1','2024-01-29 00:00:00');
INSERT INTO order_items (order_id,product_id,product_name,sku,quantity,unit_price,line_total) VALUES
  (75,6,'Ergonomic Office Chair','HOME-001',1,449.99,449.99);
INSERT INTO payments (order_id,gateway,method,status,amount,currency,card_brand,card_last4,processed_at) VALUES
  (75,'stripe','wallet','captured',489.36,'USD',NULL,NULL,'2024-01-29 00:00:00');
INSERT INTO orders (order_id,order_number,customer_id,status,subtotal,discount_amount,shipping_cost,tax_amount,order_total,coupon_code,shipping_method,ip_address,created_at) VALUES
  (76,'ORD-2024-00076',59,'delivered',34.99,0.0,0.0,3.06,38.05,'FREESHIP','standard','127.0.0.1','2024-11-27 00:00:00');
INSERT INTO order_items (order_id,product_id,product_name,sku,quantity,unit_price,line_total) VALUES
  (76,7,'Bamboo Desk Organizer','HOME-002',1,34.99,34.99);
INSERT INTO payments (order_id,gateway,method,status,amount,currency,card_brand,card_last4,processed_at) VALUES
  (76,'stripe','wallet','captured',38.05,'USD',NULL,NULL,'2024-11-27 00:00:00');
INSERT INTO orders (order_id,order_number,customer_id,status,subtotal,discount_amount,shipping_cost,tax_amount,order_total,coupon_code,shipping_method,ip_address,created_at) VALUES
  (77,'ORD-2024-00077',40,'delivered',2079.93,0.0,0.0,181.99,2261.92,NULL,'standard','127.0.0.1','2024-06-08 00:00:00');
INSERT INTO order_items (order_id,product_id,product_name,sku,quantity,unit_price,line_total) VALUES
  (77,3,'SmartWatch Series X','ELEC-003',3,399.99,1199.97),
  (77,2,'UltraSound Headphones','ELEC-002',3,249.99,749.97),
  (77,9,'Trail Running Shoes','SPRT-001',1,129.99,129.99);
INSERT INTO payments (order_id,gateway,method,status,amount,currency,card_brand,card_last4,processed_at) VALUES
  (77,'stripe','card','captured',2261.92,'USD','amex','3419','2024-06-08 00:00:00');
INSERT INTO orders (order_id,order_number,customer_id,status,subtotal,discount_amount,shipping_cost,tax_amount,order_total,coupon_code,shipping_method,ip_address,created_at) VALUES
  (78,'ORD-2024-00078',19,'shipped',1549.95,0.0,0.0,135.62,1685.57,NULL,'standard','127.0.0.1','2024-04-06 00:00:00');
INSERT INTO order_items (order_id,product_id,product_name,sku,quantity,unit_price,line_total) VALUES
  (78,2,'UltraSound Headphones','ELEC-002',3,249.99,749.97),
  (78,3,'SmartWatch Series X','ELEC-003',2,399.99,799.98);
INSERT INTO payments (order_id,gateway,method,status,amount,currency,card_brand,card_last4,processed_at) VALUES
  (78,'stripe','wallet','captured',1685.57,'USD',NULL,NULL,'2024-04-06 00:00:00');
INSERT INTO orders (order_id,order_number,customer_id,status,subtotal,discount_amount,shipping_cost,tax_amount,order_total,coupon_code,shipping_method,ip_address,created_at) VALUES
  (79,'ORD-2024-00079',58,'delivered',1327.95,0.0,0.0,116.2,1444.15,NULL,'standard','127.0.0.1','2024-10-09 00:00:00');
INSERT INTO order_items (order_id,product_id,product_name,sku,quantity,unit_price,line_total) VALUES
  (79,6,'Ergonomic Office Chair','HOME-001',1,449.99,449.99),
  (79,3,'SmartWatch Series X','ELEC-003',2,399.99,799.98),
  (79,8,'Clean Code','BOOK-001',2,38.99,77.98);
INSERT INTO payments (order_id,gateway,method,status,amount,currency,card_brand,card_last4,processed_at) VALUES
  (79,'stripe','card','captured',1444.15,'USD','visa','6766','2024-10-09 00:00:00');
INSERT INTO orders (order_id,order_number,customer_id,status,subtotal,discount_amount,shipping_cost,tax_amount,order_total,coupon_code,shipping_method,ip_address,created_at) VALUES
  (80,'ORD-2024-00080',40,'delivered',899.98,90.0,0.0,70.87,880.85,'SAVE10','standard','127.0.0.1','2024-01-15 00:00:00');
INSERT INTO order_items (order_id,product_id,product_name,sku,quantity,unit_price,line_total) VALUES
  (80,6,'Ergonomic Office Chair','HOME-001',2,449.99,899.98);
INSERT INTO payments (order_id,gateway,method,status,amount,currency,card_brand,card_last4,processed_at) VALUES
  (80,'stripe','wallet','captured',880.85,'USD',NULL,NULL,'2024-01-15 00:00:00');
INSERT INTO orders (order_id,order_number,customer_id,status,subtotal,discount_amount,shipping_cost,tax_amount,order_total,coupon_code,shipping_method,ip_address,created_at) VALUES
  (81,'ORD-2023-00081',50,'delivered',116.97,0.0,0.0,10.23,127.2,NULL,'standard','127.0.0.1','2023-11-18 00:00:00');
INSERT INTO order_items (order_id,product_id,product_name,sku,quantity,unit_price,line_total) VALUES
  (81,8,'Clean Code','BOOK-001',3,38.99,116.97);
INSERT INTO payments (order_id,gateway,method,status,amount,currency,card_brand,card_last4,processed_at) VALUES
  (81,'stripe','card','captured',127.2,'USD','discover','9214','2023-11-18 00:00:00');
INSERT INTO orders (order_id,order_number,customer_id,status,subtotal,discount_amount,shipping_cost,tax_amount,order_total,coupon_code,shipping_method,ip_address,created_at) VALUES
  (82,'ORD-2023-00082',58,'delivered',1579.95,0.0,0.0,138.25,1718.2,NULL,'standard','127.0.0.1','2023-12-18 00:00:00');
INSERT INTO order_items (order_id,product_id,product_name,sku,quantity,unit_price,line_total) VALUES
  (82,2,'UltraSound Headphones','ELEC-002',1,249.99,249.99),
  (82,9,'Trail Running Shoes','SPRT-001',1,129.99,129.99),
  (82,3,'SmartWatch Series X','ELEC-003',3,399.99,1199.97);
INSERT INTO payments (order_id,gateway,method,status,amount,currency,card_brand,card_last4,processed_at) VALUES
  (82,'stripe','paypal','captured',1718.2,'USD',NULL,NULL,'2023-12-18 00:00:00');
INSERT INTO orders (order_id,order_number,customer_id,status,subtotal,discount_amount,shipping_cost,tax_amount,order_total,coupon_code,shipping_method,ip_address,created_at) VALUES
  (83,'ORD-2023-00083',79,'delivered',689.93,0.0,0.0,60.37,750.3,NULL,'standard','127.0.0.1','2023-07-04 00:00:00');
INSERT INTO order_items (order_id,product_id,product_name,sku,quantity,unit_price,line_total) VALUES
  (83,7,'Bamboo Desk Organizer','HOME-002',3,34.99,104.97),
  (83,10,'Vitamin C Serum 30ml','BEAU-001',3,44.99,134.97),
  (83,6,'Ergonomic Office Chair','HOME-001',1,449.99,449.99);
INSERT INTO payments (order_id,gateway,method,status,amount,currency,card_brand,card_last4,processed_at) VALUES
  (83,'stripe','card','captured',750.3,'USD','visa','6401','2023-07-04 00:00:00');
INSERT INTO orders (order_id,order_number,customer_id,status,subtotal,discount_amount,shipping_cost,tax_amount,order_total,coupon_code,shipping_method,ip_address,created_at) VALUES
  (84,'ORD-2023-00084',50,'shipped',2099.94,15,0.0,182.43,2267.37,'FLAT15','standard','127.0.0.1','2023-08-19 00:00:00');
INSERT INTO order_items (order_id,product_id,product_name,sku,quantity,unit_price,line_total) VALUES
  (84,6,'Ergonomic Office Chair','HOME-001',3,449.99,1349.97),
  (84,2,'UltraSound Headphones','ELEC-002',3,249.99,749.97);
INSERT INTO payments (order_id,gateway,method,status,amount,currency,card_brand,card_last4,processed_at) VALUES
  (84,'stripe','card','captured',2267.37,'USD','discover','3112','2023-08-19 00:00:00');
INSERT INTO orders (order_id,order_number,customer_id,status,subtotal,discount_amount,shipping_cost,tax_amount,order_total,coupon_code,shipping_method,ip_address,created_at) VALUES
  (85,'ORD-2024-00085',11,'delivered',2089.92,0.0,0.0,182.87,2272.79,NULL,'standard','127.0.0.1','2024-05-12 00:00:00');
INSERT INTO order_items (order_id,product_id,product_name,sku,quantity,unit_price,line_total) VALUES
  (85,3,'SmartWatch Series X','ELEC-003',3,399.99,1199.97),
  (85,9,'Trail Running Shoes','SPRT-001',3,129.99,389.97),
  (85,2,'UltraSound Headphones','ELEC-002',2,249.99,499.98);
INSERT INTO payments (order_id,gateway,method,status,amount,currency,card_brand,card_last4,processed_at) VALUES
  (85,'stripe','card','captured',2272.79,'USD','amex','6060','2024-05-12 00:00:00');
INSERT INTO orders (order_id,order_number,customer_id,status,subtotal,discount_amount,shipping_cost,tax_amount,order_total,coupon_code,shipping_method,ip_address,created_at) VALUES
  (86,'ORD-2024-00086',44,'delivered',489.97,0.0,0.0,42.87,532.84,NULL,'standard','127.0.0.1','2024-12-28 00:00:00');
INSERT INTO order_items (order_id,product_id,product_name,sku,quantity,unit_price,line_total) VALUES
  (86,3,'SmartWatch Series X','ELEC-003',1,399.99,399.99),
  (86,10,'Vitamin C Serum 30ml','BEAU-001',2,44.99,89.98);
INSERT INTO payments (order_id,gateway,method,status,amount,currency,card_brand,card_last4,processed_at) VALUES
  (86,'stripe','card','captured',532.84,'USD','visa','6517','2024-12-28 00:00:00');
INSERT INTO orders (order_id,order_number,customer_id,status,subtotal,discount_amount,shipping_cost,tax_amount,order_total,coupon_code,shipping_method,ip_address,created_at) VALUES
  (87,'ORD-2023-00087',77,'shipped',934.95,15,0.0,80.5,1000.45,'FLAT15','standard','127.0.0.1','2023-07-25 00:00:00');
INSERT INTO order_items (order_id,product_id,product_name,sku,quantity,unit_price,line_total) VALUES
  (87,10,'Vitamin C Serum 30ml','BEAU-001',3,44.99,134.97),
  (87,3,'SmartWatch Series X','ELEC-003',2,399.99,799.98);
INSERT INTO payments (order_id,gateway,method,status,amount,currency,card_brand,card_last4,processed_at) VALUES
  (87,'stripe','card','captured',1000.45,'USD','discover','5668','2023-07-25 00:00:00');
INSERT INTO orders (order_id,order_number,customer_id,status,subtotal,discount_amount,shipping_cost,tax_amount,order_total,coupon_code,shipping_method,ip_address,created_at) VALUES
  (88,'ORD-2024-00088',58,'delivered',1196.92,0.0,0.0,104.73,1301.65,NULL,'standard','127.0.0.1','2024-02-23 00:00:00');
INSERT INTO order_items (order_id,product_id,product_name,sku,quantity,unit_price,line_total) VALUES
  (88,8,'Clean Code','BOOK-001',3,38.99,116.97),
  (88,4,'Classic Oxford Shirt','CLTH-001',3,59.99,179.97),
  (88,6,'Ergonomic Office Chair','HOME-001',2,449.99,899.98);
INSERT INTO payments (order_id,gateway,method,status,amount,currency,card_brand,card_last4,processed_at) VALUES
  (88,'stripe','card','captured',1301.65,'USD','discover','9239','2024-02-23 00:00:00');
INSERT INTO orders (order_id,order_number,customer_id,status,subtotal,discount_amount,shipping_cost,tax_amount,order_total,coupon_code,shipping_method,ip_address,created_at) VALUES
  (89,'ORD-2024-00089',21,'delivered',2749.95,0.0,0.0,240.62,2990.57,NULL,'standard','127.0.0.1','2024-02-06 00:00:00');
INSERT INTO order_items (order_id,product_id,product_name,sku,quantity,unit_price,line_total) VALUES
  (89,5,'Slim Fit Chinos','CLTH-002',3,49.99,149.97),
  (89,1,'ProBook Laptop 15"','ELEC-001',2,1299.99,2599.98);
INSERT INTO payments (order_id,gateway,method,status,amount,currency,card_brand,card_last4,processed_at) VALUES
  (89,'stripe','wallet','captured',2990.57,'USD',NULL,NULL,'2024-02-06 00:00:00');
INSERT INTO orders (order_id,order_number,customer_id,status,subtotal,discount_amount,shipping_cost,tax_amount,order_total,coupon_code,shipping_method,ip_address,created_at) VALUES
  (90,'ORD-2023-00090',67,'delivered',188.96,0.0,0.0,16.53,205.49,NULL,'standard','127.0.0.1','2023-07-23 00:00:00');
INSERT INTO order_items (order_id,product_id,product_name,sku,quantity,unit_price,line_total) VALUES
  (90,5,'Slim Fit Chinos','CLTH-002',3,49.99,149.97),
  (90,8,'Clean Code','BOOK-001',1,38.99,38.99);
INSERT INTO payments (order_id,gateway,method,status,amount,currency,card_brand,card_last4,processed_at) VALUES
  (90,'stripe','card','captured',205.49,'USD','mastercard','8391','2023-07-23 00:00:00');
INSERT INTO orders (order_id,order_number,customer_id,status,subtotal,discount_amount,shipping_cost,tax_amount,order_total,coupon_code,shipping_method,ip_address,created_at) VALUES
  (91,'ORD-2023-00091',54,'delivered',404.96,0.0,0.0,35.43,440.39,NULL,'standard','127.0.0.1','2023-09-30 00:00:00');
INSERT INTO order_items (order_id,product_id,product_name,sku,quantity,unit_price,line_total) VALUES
  (91,4,'Classic Oxford Shirt','CLTH-001',2,59.99,119.98),
  (91,7,'Bamboo Desk Organizer','HOME-002',1,34.99,34.99),
  (91,2,'UltraSound Headphones','ELEC-002',1,249.99,249.99);
INSERT INTO payments (order_id,gateway,method,status,amount,currency,card_brand,card_last4,processed_at) VALUES
  (91,'stripe','card','captured',440.39,'USD','amex','3392','2023-09-30 00:00:00');
INSERT INTO orders (order_id,order_number,customer_id,status,subtotal,discount_amount,shipping_cost,tax_amount,order_total,coupon_code,shipping_method,ip_address,created_at) VALUES
  (92,'ORD-2024-00092',37,'delivered',161.96,0.0,0.0,14.17,176.13,NULL,'standard','127.0.0.1','2024-02-20 00:00:00');
INSERT INTO order_items (order_id,product_id,product_name,sku,quantity,unit_price,line_total) VALUES
  (92,8,'Clean Code','BOOK-001',3,38.99,116.97),
  (92,10,'Vitamin C Serum 30ml','BEAU-001',1,44.99,44.99);
INSERT INTO payments (order_id,gateway,method,status,amount,currency,card_brand,card_last4,processed_at) VALUES
  (92,'stripe','card','captured',176.13,'USD','amex','4533','2024-02-20 00:00:00');
INSERT INTO orders (order_id,order_number,customer_id,status,subtotal,discount_amount,shipping_cost,tax_amount,order_total,coupon_code,shipping_method,ip_address,created_at) VALUES
  (93,'ORD-2023-00093',78,'delivered',609.96,0.0,0.0,53.37,663.33,NULL,'standard','127.0.0.1','2023-12-19 00:00:00');
INSERT INTO order_items (order_id,product_id,product_name,sku,quantity,unit_price,line_total) VALUES
  (93,4,'Classic Oxford Shirt','CLTH-001',1,59.99,59.99),
  (93,5,'Slim Fit Chinos','CLTH-002',1,49.99,49.99),
  (93,2,'UltraSound Headphones','ELEC-002',2,249.99,499.98);
INSERT INTO payments (order_id,gateway,method,status,amount,currency,card_brand,card_last4,processed_at) VALUES
  (93,'stripe','wallet','captured',663.33,'USD',NULL,NULL,'2023-12-19 00:00:00');
INSERT INTO orders (order_id,order_number,customer_id,status,subtotal,discount_amount,shipping_cost,tax_amount,order_total,coupon_code,shipping_method,ip_address,created_at) VALUES
  (94,'ORD-2024-00094',15,'delivered',389.97,77.99,0.0,27.3,339.28,'SAVE20','standard','127.0.0.1','2024-09-21 00:00:00');
INSERT INTO order_items (order_id,product_id,product_name,sku,quantity,unit_price,line_total) VALUES
  (94,9,'Trail Running Shoes','SPRT-001',3,129.99,389.97);
INSERT INTO payments (order_id,gateway,method,status,amount,currency,card_brand,card_last4,processed_at) VALUES
  (94,'stripe','card','captured',339.28,'USD','discover','1025','2024-09-21 00:00:00');
INSERT INTO orders (order_id,order_number,customer_id,status,subtotal,discount_amount,shipping_cost,tax_amount,order_total,coupon_code,shipping_method,ip_address,created_at) VALUES
  (95,'ORD-2023-00095',31,'delivered',259.98,26.0,0.0,20.47,254.45,'SAVE10','standard','127.0.0.1','2023-10-30 00:00:00');
INSERT INTO order_items (order_id,product_id,product_name,sku,quantity,unit_price,line_total) VALUES
  (95,9,'Trail Running Shoes','SPRT-001',2,129.99,259.98);
INSERT INTO payments (order_id,gateway,method,status,amount,currency,card_brand,card_last4,processed_at) VALUES
  (95,'stripe','paypal','captured',254.45,'USD',NULL,NULL,'2023-10-30 00:00:00');
INSERT INTO orders (order_id,order_number,customer_id,status,subtotal,discount_amount,shipping_cost,tax_amount,order_total,coupon_code,shipping_method,ip_address,created_at) VALUES
  (96,'ORD-2023-00096',50,'shipped',449.99,0.0,0.0,39.37,489.36,NULL,'standard','127.0.0.1','2023-10-04 00:00:00');
INSERT INTO order_items (order_id,product_id,product_name,sku,quantity,unit_price,line_total) VALUES
  (96,6,'Ergonomic Office Chair','HOME-001',1,449.99,449.99);
INSERT INTO payments (order_id,gateway,method,status,amount,currency,card_brand,card_last4,processed_at) VALUES
  (96,'stripe','card','captured',489.36,'USD','amex','3185','2023-10-04 00:00:00');
INSERT INTO orders (order_id,order_number,customer_id,status,subtotal,discount_amount,shipping_cost,tax_amount,order_total,coupon_code,shipping_method,ip_address,created_at) VALUES
  (97,'ORD-2024-00097',46,'delivered',161.96,0.0,0.0,14.17,176.13,NULL,'standard','127.0.0.1','2024-05-24 00:00:00');
INSERT INTO order_items (order_id,product_id,product_name,sku,quantity,unit_price,line_total) VALUES
  (97,8,'Clean Code','BOOK-001',3,38.99,116.97),
  (97,10,'Vitamin C Serum 30ml','BEAU-001',1,44.99,44.99);
INSERT INTO payments (order_id,gateway,method,status,amount,currency,card_brand,card_last4,processed_at) VALUES
  (97,'stripe','card','captured',176.13,'USD','discover','1605','2024-05-24 00:00:00');
INSERT INTO orders (order_id,order_number,customer_id,status,subtotal,discount_amount,shipping_cost,tax_amount,order_total,coupon_code,shipping_method,ip_address,created_at) VALUES
  (98,'ORD-2023-00098',6,'delivered',479.93,95.99,0.0,33.59,417.53,'SAVE20','standard','127.0.0.1','2023-11-16 00:00:00');
INSERT INTO order_items (order_id,product_id,product_name,sku,quantity,unit_price,line_total) VALUES
  (98,5,'Slim Fit Chinos','CLTH-002',3,49.99,149.97),
  (98,9,'Trail Running Shoes','SPRT-001',2,129.99,259.98),
  (98,7,'Bamboo Desk Organizer','HOME-002',2,34.99,69.98);
INSERT INTO payments (order_id,gateway,method,status,amount,currency,card_brand,card_last4,processed_at) VALUES
  (98,'stripe','card','captured',417.53,'USD','amex','1783','2023-11-16 00:00:00');
INSERT INTO orders (order_id,order_number,customer_id,status,subtotal,discount_amount,shipping_cost,tax_amount,order_total,coupon_code,shipping_method,ip_address,created_at) VALUES
  (99,'ORD-2023-00099',35,'delivered',1047.92,0.0,0.0,91.69,1139.61,NULL,'standard','127.0.0.1','2023-12-07 00:00:00');
INSERT INTO order_items (order_id,product_id,product_name,sku,quantity,unit_price,line_total) VALUES
  (99,7,'Bamboo Desk Organizer','HOME-002',1,34.99,34.99),
  (99,8,'Clean Code','BOOK-001',2,38.99,77.98),
  (99,10,'Vitamin C Serum 30ml','BEAU-001',3,44.99,134.97),
  (99,3,'SmartWatch Series X','ELEC-003',2,399.99,799.98);
INSERT INTO payments (order_id,gateway,method,status,amount,currency,card_brand,card_last4,processed_at) VALUES
  (99,'stripe','wallet','captured',1139.61,'USD',NULL,NULL,'2023-12-07 00:00:00');
INSERT INTO orders (order_id,order_number,customer_id,status,subtotal,discount_amount,shipping_cost,tax_amount,order_total,coupon_code,shipping_method,ip_address,created_at) VALUES
  (100,'ORD-2023-00100',55,'delivered',309.97,15,0.0,25.81,320.78,'FLAT15','standard','127.0.0.1','2023-03-24 00:00:00');
INSERT INTO order_items (order_id,product_id,product_name,sku,quantity,unit_price,line_total) VALUES
  (100,9,'Trail Running Shoes','SPRT-001',2,129.99,259.98),
  (100,5,'Slim Fit Chinos','CLTH-002',1,49.99,49.99);
INSERT INTO payments (order_id,gateway,method,status,amount,currency,card_brand,card_last4,processed_at) VALUES
  (100,'stripe','card','captured',320.78,'USD','discover','7981','2023-03-24 00:00:00');
INSERT INTO orders (order_id,order_number,customer_id,status,subtotal,discount_amount,shipping_cost,tax_amount,order_total,coupon_code,shipping_method,ip_address,created_at) VALUES
  (101,'ORD-2024-00101',57,'delivered',219.95,0.0,0.0,19.25,239.2,NULL,'standard','127.0.0.1','2024-04-29 00:00:00');
INSERT INTO order_items (order_id,product_id,product_name,sku,quantity,unit_price,line_total) VALUES
  (101,10,'Vitamin C Serum 30ml','BEAU-001',3,44.99,134.97),
  (101,7,'Bamboo Desk Organizer','HOME-002',1,34.99,34.99),
  (101,5,'Slim Fit Chinos','CLTH-002',1,49.99,49.99);
INSERT INTO payments (order_id,gateway,method,status,amount,currency,card_brand,card_last4,processed_at) VALUES
  (101,'stripe','paypal','captured',239.2,'USD',NULL,NULL,'2024-04-29 00:00:00');
INSERT INTO orders (order_id,order_number,customer_id,status,subtotal,discount_amount,shipping_cost,tax_amount,order_total,coupon_code,shipping_method,ip_address,created_at) VALUES
  (102,'ORD-2023-00102',21,'shipped',5277.91,0.0,0.0,461.82,5739.73,NULL,'standard','127.0.0.1','2023-11-11 00:00:00');
INSERT INTO order_items (order_id,product_id,product_name,sku,quantity,unit_price,line_total) VALUES
  (102,1,'ProBook Laptop 15"','ELEC-001',3,1299.99,3899.97),
  (102,3,'SmartWatch Series X','ELEC-003',2,399.99,799.98),
  (102,2,'UltraSound Headphones','ELEC-002',2,249.99,499.98),
  (102,8,'Clean Code','BOOK-001',2,38.99,77.98);
INSERT INTO payments (order_id,gateway,method,status,amount,currency,card_brand,card_last4,processed_at) VALUES
  (102,'stripe','card','captured',5739.73,'USD','mastercard','8371','2023-11-11 00:00:00');
INSERT INTO orders (order_id,order_number,customer_id,status,subtotal,discount_amount,shipping_cost,tax_amount,order_total,coupon_code,shipping_method,ip_address,created_at) VALUES
  (103,'ORD-2024-00103',48,'delivered',1159.96,0.0,0.0,101.5,1261.46,NULL,'standard','127.0.0.1','2024-07-15 00:00:00');
INSERT INTO order_items (order_id,product_id,product_name,sku,quantity,unit_price,line_total) VALUES
  (103,9,'Trail Running Shoes','SPRT-001',2,129.99,259.98),
  (103,6,'Ergonomic Office Chair','HOME-001',2,449.99,899.98);
INSERT INTO payments (order_id,gateway,method,status,amount,currency,card_brand,card_last4,processed_at) VALUES
  (103,'stripe','card','captured',1261.46,'USD','visa','1424','2024-07-15 00:00:00');
INSERT INTO orders (order_id,order_number,customer_id,status,subtotal,discount_amount,shipping_cost,tax_amount,order_total,coupon_code,shipping_method,ip_address,created_at) VALUES
  (104,'ORD-2024-00104',64,'delivered',99.98,0.0,0.0,8.75,108.73,NULL,'standard','127.0.0.1','2024-06-28 00:00:00');
INSERT INTO order_items (order_id,product_id,product_name,sku,quantity,unit_price,line_total) VALUES
  (104,5,'Slim Fit Chinos','CLTH-002',2,49.99,99.98);
INSERT INTO payments (order_id,gateway,method,status,amount,currency,card_brand,card_last4,processed_at) VALUES
  (104,'stripe','card','captured',108.73,'USD','amex','9047','2024-06-28 00:00:00');
INSERT INTO orders (order_id,order_number,customer_id,status,subtotal,discount_amount,shipping_cost,tax_amount,order_total,coupon_code,shipping_method,ip_address,created_at) VALUES
  (105,'ORD-2023-00105',18,'delivered',2067.91,0.0,0.0,180.94,2248.85,NULL,'standard','127.0.0.1','2023-05-27 00:00:00');
INSERT INTO order_items (order_id,product_id,product_name,sku,quantity,unit_price,line_total) VALUES
  (105,2,'UltraSound Headphones','ELEC-002',1,249.99,249.99),
  (105,6,'Ergonomic Office Chair','HOME-001',3,449.99,1349.97),
  (105,9,'Trail Running Shoes','SPRT-001',3,129.99,389.97),
  (105,8,'Clean Code','BOOK-001',2,38.99,77.98);
INSERT INTO payments (order_id,gateway,method,status,amount,currency,card_brand,card_last4,processed_at) VALUES
  (105,'stripe','card','captured',2248.85,'USD','mastercard','6922','2023-05-27 00:00:00');
INSERT INTO orders (order_id,order_number,customer_id,status,subtotal,discount_amount,shipping_cost,tax_amount,order_total,coupon_code,shipping_method,ip_address,created_at) VALUES
  (106,'ORD-2024-00106',16,'delivered',3977.95,0.0,0.0,348.07,4326.02,NULL,'standard','127.0.0.1','2024-03-06 00:00:00');
INSERT INTO order_items (order_id,product_id,product_name,sku,quantity,unit_price,line_total) VALUES
  (106,8,'Clean Code','BOOK-001',2,38.99,77.98),
  (106,1,'ProBook Laptop 15"','ELEC-001',3,1299.99,3899.97);
INSERT INTO payments (order_id,gateway,method,status,amount,currency,card_brand,card_last4,processed_at) VALUES
  (106,'stripe','paypal','captured',4326.02,'USD',NULL,NULL,'2024-03-06 00:00:00');
INSERT INTO orders (order_id,order_number,customer_id,status,subtotal,discount_amount,shipping_cost,tax_amount,order_total,coupon_code,shipping_method,ip_address,created_at) VALUES
  (107,'ORD-2023-00107',79,'processing',547.93,0.0,0.0,47.94,595.87,NULL,'standard','127.0.0.1','2023-05-28 00:00:00');
INSERT INTO order_items (order_id,product_id,product_name,sku,quantity,unit_price,line_total) VALUES
  (107,8,'Clean Code','BOOK-001',2,38.99,77.98),
  (107,9,'Trail Running Shoes','SPRT-001',3,129.99,389.97),
  (107,7,'Bamboo Desk Organizer','HOME-002',1,34.99,34.99),
  (107,10,'Vitamin C Serum 30ml','BEAU-001',1,44.99,44.99);
INSERT INTO payments (order_id,gateway,method,status,amount,currency,card_brand,card_last4,processed_at) VALUES
  (107,'stripe','card','captured',595.87,'USD','discover','8632','2023-05-28 00:00:00');
INSERT INTO orders (order_id,order_number,customer_id,status,subtotal,discount_amount,shipping_cost,tax_amount,order_total,coupon_code,shipping_method,ip_address,created_at) VALUES
  (108,'ORD-2023-00108',67,'shipped',1234.96,0.0,0.0,108.06,1343.02,NULL,'standard','127.0.0.1','2023-11-13 00:00:00');
INSERT INTO order_items (order_id,product_id,product_name,sku,quantity,unit_price,line_total) VALUES
  (108,3,'SmartWatch Series X','ELEC-003',3,399.99,1199.97),
  (108,7,'Bamboo Desk Organizer','HOME-002',1,34.99,34.99);
INSERT INTO payments (order_id,gateway,method,status,amount,currency,card_brand,card_last4,processed_at) VALUES
  (108,'stripe','wallet','captured',1343.02,'USD',NULL,NULL,'2023-11-13 00:00:00');
INSERT INTO orders (order_id,order_number,customer_id,status,subtotal,discount_amount,shipping_cost,tax_amount,order_total,coupon_code,shipping_method,ip_address,created_at) VALUES
  (109,'ORD-2023-00109',39,'shipped',1029.97,0.0,0.0,90.12,1120.09,NULL,'standard','127.0.0.1','2023-04-30 00:00:00');
INSERT INTO order_items (order_id,product_id,product_name,sku,quantity,unit_price,line_total) VALUES
  (109,6,'Ergonomic Office Chair','HOME-001',2,449.99,899.98),
  (109,9,'Trail Running Shoes','SPRT-001',1,129.99,129.99);
INSERT INTO payments (order_id,gateway,method,status,amount,currency,card_brand,card_last4,processed_at) VALUES
  (109,'stripe','wallet','captured',1120.09,'USD',NULL,NULL,'2023-04-30 00:00:00');
INSERT INTO orders (order_id,order_number,customer_id,status,subtotal,discount_amount,shipping_cost,tax_amount,order_total,coupon_code,shipping_method,ip_address,created_at) VALUES
  (110,'ORD-2024-00110',17,'delivered',389.97,77.99,0.0,27.3,339.28,'SAVE20','standard','127.0.0.1','2024-03-14 00:00:00');
INSERT INTO order_items (order_id,product_id,product_name,sku,quantity,unit_price,line_total) VALUES
  (110,9,'Trail Running Shoes','SPRT-001',3,129.99,389.97);
INSERT INTO payments (order_id,gateway,method,status,amount,currency,card_brand,card_last4,processed_at) VALUES
  (110,'stripe','card','captured',339.28,'USD','amex','1674','2024-03-14 00:00:00');
INSERT INTO orders (order_id,order_number,customer_id,status,subtotal,discount_amount,shipping_cost,tax_amount,order_total,coupon_code,shipping_method,ip_address,created_at) VALUES
  (111,'ORD-2024-00111',6,'delivered',4124.92,0.0,0.0,360.93,4485.85,NULL,'standard','127.0.0.1','2024-06-29 00:00:00');
INSERT INTO order_items (order_id,product_id,product_name,sku,quantity,unit_price,line_total) VALUES
  (111,4,'Classic Oxford Shirt','CLTH-001',2,59.99,119.98),
  (111,7,'Bamboo Desk Organizer','HOME-002',3,34.99,104.97),
  (111,1,'ProBook Laptop 15"','ELEC-001',3,1299.99,3899.97);
INSERT INTO payments (order_id,gateway,method,status,amount,currency,card_brand,card_last4,processed_at) VALUES
  (111,'stripe','card','captured',4485.85,'USD','discover','5012','2024-06-29 00:00:00');
INSERT INTO orders (order_id,order_number,customer_id,status,subtotal,discount_amount,shipping_cost,tax_amount,order_total,coupon_code,shipping_method,ip_address,created_at) VALUES
  (112,'ORD-2023-00112',39,'processing',799.98,0.0,0.0,70.0,869.98,NULL,'standard','127.0.0.1','2023-09-25 00:00:00');
INSERT INTO order_items (order_id,product_id,product_name,sku,quantity,unit_price,line_total) VALUES
  (112,3,'SmartWatch Series X','ELEC-003',2,399.99,799.98);
INSERT INTO payments (order_id,gateway,method,status,amount,currency,card_brand,card_last4,processed_at) VALUES
  (112,'stripe','paypal','captured',869.98,'USD',NULL,NULL,'2023-09-25 00:00:00');
INSERT INTO orders (order_id,order_number,customer_id,status,subtotal,discount_amount,shipping_cost,tax_amount,order_total,coupon_code,shipping_method,ip_address,created_at) VALUES
  (113,'ORD-2023-00113',27,'delivered',644.94,0.0,0.0,56.43,701.37,NULL,'standard','127.0.0.1','2023-06-26 00:00:00');
INSERT INTO order_items (order_id,product_id,product_name,sku,quantity,unit_price,line_total) VALUES
  (113,6,'Ergonomic Office Chair','HOME-001',1,449.99,449.99),
  (113,10,'Vitamin C Serum 30ml','BEAU-001',2,44.99,89.98),
  (113,7,'Bamboo Desk Organizer','HOME-002',3,34.99,104.97);
INSERT INTO payments (order_id,gateway,method,status,amount,currency,card_brand,card_last4,processed_at) VALUES
  (113,'stripe','card','captured',701.37,'USD','mastercard','8642','2023-06-26 00:00:00');
INSERT INTO orders (order_id,order_number,customer_id,status,subtotal,discount_amount,shipping_cost,tax_amount,order_total,coupon_code,shipping_method,ip_address,created_at) VALUES
  (114,'ORD-2024-00114',58,'shipped',99.98,0.0,0.0,8.75,108.73,NULL,'standard','127.0.0.1','2024-03-01 00:00:00');
INSERT INTO order_items (order_id,product_id,product_name,sku,quantity,unit_price,line_total) VALUES
  (114,5,'Slim Fit Chinos','CLTH-002',2,49.99,99.98);
INSERT INTO payments (order_id,gateway,method,status,amount,currency,card_brand,card_last4,processed_at) VALUES
  (114,'stripe','paypal','captured',108.73,'USD',NULL,NULL,'2024-03-01 00:00:00');
INSERT INTO orders (order_id,order_number,customer_id,status,subtotal,discount_amount,shipping_cost,tax_amount,order_total,coupon_code,shipping_method,ip_address,created_at) VALUES
  (115,'ORD-2024-00115',21,'delivered',1057.93,0.0,0.0,92.57,1150.5,NULL,'standard','127.0.0.1','2024-04-11 00:00:00');
INSERT INTO order_items (order_id,product_id,product_name,sku,quantity,unit_price,line_total) VALUES
  (115,4,'Classic Oxford Shirt','CLTH-001',3,59.99,179.97),
  (115,3,'SmartWatch Series X','ELEC-003',2,399.99,799.98),
  (115,8,'Clean Code','BOOK-001',2,38.99,77.98);
INSERT INTO payments (order_id,gateway,method,status,amount,currency,card_brand,card_last4,processed_at) VALUES
  (115,'stripe','paypal','captured',1150.5,'USD',NULL,NULL,'2024-04-11 00:00:00');
INSERT INTO orders (order_id,order_number,customer_id,status,subtotal,discount_amount,shipping_cost,tax_amount,order_total,coupon_code,shipping_method,ip_address,created_at) VALUES
  (116,'ORD-2024-00116',51,'delivered',509.98,0.0,0.0,44.62,554.6,NULL,'standard','127.0.0.1','2024-02-10 00:00:00');
INSERT INTO order_items (order_id,product_id,product_name,sku,quantity,unit_price,line_total) VALUES
  (116,4,'Classic Oxford Shirt','CLTH-001',1,59.99,59.99),
  (116,6,'Ergonomic Office Chair','HOME-001',1,449.99,449.99);
INSERT INTO payments (order_id,gateway,method,status,amount,currency,card_brand,card_last4,processed_at) VALUES
  (116,'stripe','wallet','captured',554.6,'USD',NULL,NULL,'2024-02-10 00:00:00');
INSERT INTO orders (order_id,order_number,customer_id,status,subtotal,discount_amount,shipping_cost,tax_amount,order_total,coupon_code,shipping_method,ip_address,created_at) VALUES
  (117,'ORD-2023-00117',61,'delivered',34.99,0.0,5.99,3.06,44.04,NULL,'standard','127.0.0.1','2023-06-01 00:00:00');
INSERT INTO order_items (order_id,product_id,product_name,sku,quantity,unit_price,line_total) VALUES
  (117,7,'Bamboo Desk Organizer','HOME-002',1,34.99,34.99);
INSERT INTO payments (order_id,gateway,method,status,amount,currency,card_brand,card_last4,processed_at) VALUES
  (117,'stripe','card','captured',44.04,'USD','discover','6995','2023-06-01 00:00:00');
INSERT INTO orders (order_id,order_number,customer_id,status,subtotal,discount_amount,shipping_cost,tax_amount,order_total,coupon_code,shipping_method,ip_address,created_at) VALUES
  (118,'ORD-2023-00118',7,'delivered',909.93,0.0,0.0,79.62,989.55,NULL,'standard','127.0.0.1','2023-12-11 00:00:00');
INSERT INTO order_items (order_id,product_id,product_name,sku,quantity,unit_price,line_total) VALUES
  (118,9,'Trail Running Shoes','SPRT-001',2,129.99,259.98),
  (118,5,'Slim Fit Chinos','CLTH-002',3,49.99,149.97),
  (118,2,'UltraSound Headphones','ELEC-002',2,249.99,499.98);
INSERT INTO payments (order_id,gateway,method,status,amount,currency,card_brand,card_last4,processed_at) VALUES
  (118,'stripe','card','captured',989.55,'USD','visa','3108','2023-12-11 00:00:00');
INSERT INTO orders (order_id,order_number,customer_id,status,subtotal,discount_amount,shipping_cost,tax_amount,order_total,coupon_code,shipping_method,ip_address,created_at) VALUES
  (119,'ORD-2024-00119',48,'delivered',1294.95,15,0.0,112.0,1391.95,'FLAT15','standard','127.0.0.1','2024-05-22 00:00:00');
INSERT INTO order_items (order_id,product_id,product_name,sku,quantity,unit_price,line_total) VALUES
  (119,3,'SmartWatch Series X','ELEC-003',3,399.99,1199.97),
  (119,4,'Classic Oxford Shirt','CLTH-001',1,59.99,59.99),
  (119,7,'Bamboo Desk Organizer','HOME-002',1,34.99,34.99);
INSERT INTO payments (order_id,gateway,method,status,amount,currency,card_brand,card_last4,processed_at) VALUES
  (119,'stripe','paypal','captured',1391.95,'USD',NULL,NULL,'2024-05-22 00:00:00');
INSERT INTO orders (order_id,order_number,customer_id,status,subtotal,discount_amount,shipping_cost,tax_amount,order_total,coupon_code,shipping_method,ip_address,created_at) VALUES
  (120,'ORD-2024-00120',20,'delivered',539.97,0.0,0.0,47.25,587.22,NULL,'standard','127.0.0.1','2024-11-23 00:00:00');
INSERT INTO order_items (order_id,product_id,product_name,sku,quantity,unit_price,line_total) VALUES
  (120,6,'Ergonomic Office Chair','HOME-001',1,449.99,449.99),
  (120,10,'Vitamin C Serum 30ml','BEAU-001',2,44.99,89.98);
INSERT INTO payments (order_id,gateway,method,status,amount,currency,card_brand,card_last4,processed_at) VALUES
  (120,'stripe','card','captured',587.22,'USD','amex','9311','2024-11-23 00:00:00');
INSERT INTO orders (order_id,order_number,customer_id,status,subtotal,discount_amount,shipping_cost,tax_amount,order_total,coupon_code,shipping_method,ip_address,created_at) VALUES
  (121,'ORD-2024-00121',63,'delivered',2667.92,0.0,0.0,233.44,2901.36,NULL,'standard','127.0.0.1','2024-02-03 00:00:00');
INSERT INTO order_items (order_id,product_id,product_name,sku,quantity,unit_price,line_total) VALUES
  (121,1,'ProBook Laptop 15"','ELEC-001',1,1299.99,1299.99),
  (121,6,'Ergonomic Office Chair','HOME-001',2,449.99,899.98),
  (121,9,'Trail Running Shoes','SPRT-001',3,129.99,389.97),
  (121,8,'Clean Code','BOOK-001',2,38.99,77.98);
INSERT INTO payments (order_id,gateway,method,status,amount,currency,card_brand,card_last4,processed_at) VALUES
  (121,'stripe','card','captured',2901.36,'USD','discover','5350','2024-02-03 00:00:00');
INSERT INTO orders (order_id,order_number,customer_id,status,subtotal,discount_amount,shipping_cost,tax_amount,order_total,coupon_code,shipping_method,ip_address,created_at) VALUES
  (122,'ORD-2023-00122',74,'delivered',2114.92,0.0,0.0,185.06,2299.98,NULL,'standard','127.0.0.1','2023-07-02 00:00:00');
INSERT INTO order_items (order_id,product_id,product_name,sku,quantity,unit_price,line_total) VALUES
  (122,3,'SmartWatch Series X','ELEC-003',3,399.99,1199.97),
  (122,9,'Trail Running Shoes','SPRT-001',1,129.99,129.99),
  (122,7,'Bamboo Desk Organizer','HOME-002',1,34.99,34.99),
  (122,2,'UltraSound Headphones','ELEC-002',3,249.99,749.97);
INSERT INTO payments (order_id,gateway,method,status,amount,currency,card_brand,card_last4,processed_at) VALUES
  (122,'stripe','card','captured',2299.98,'USD','mastercard','1310','2023-07-02 00:00:00');
INSERT INTO orders (order_id,order_number,customer_id,status,subtotal,discount_amount,shipping_cost,tax_amount,order_total,coupon_code,shipping_method,ip_address,created_at) VALUES
  (123,'ORD-2023-00123',54,'delivered',364.95,0.0,0.0,31.93,396.88,NULL,'standard','127.0.0.1','2023-11-19 00:00:00');
INSERT INTO order_items (order_id,product_id,product_name,sku,quantity,unit_price,line_total) VALUES
  (123,7,'Bamboo Desk Organizer','HOME-002',3,34.99,104.97),
  (123,9,'Trail Running Shoes','SPRT-001',2,129.99,259.98);
INSERT INTO payments (order_id,gateway,method,status,amount,currency,card_brand,card_last4,processed_at) VALUES
  (123,'stripe','card','captured',396.88,'USD','mastercard','9498','2023-11-19 00:00:00');
INSERT INTO orders (order_id,order_number,customer_id,status,subtotal,discount_amount,shipping_cost,tax_amount,order_total,coupon_code,shipping_method,ip_address,created_at) VALUES
  (124,'ORD-2024-00124',42,'delivered',2327.9,0.0,0.0,203.69,2531.59,NULL,'standard','127.0.0.1','2024-03-13 00:00:00');
INSERT INTO order_items (order_id,product_id,product_name,sku,quantity,unit_price,line_total) VALUES
  (124,6,'Ergonomic Office Chair','HOME-001',2,449.99,899.98),
  (124,3,'SmartWatch Series X','ELEC-003',3,399.99,1199.97),
  (124,8,'Clean Code','BOOK-001',2,38.99,77.98),
  (124,5,'Slim Fit Chinos','CLTH-002',3,49.99,149.97);
INSERT INTO payments (order_id,gateway,method,status,amount,currency,card_brand,card_last4,processed_at) VALUES
  (124,'stripe','card','captured',2531.59,'USD','discover','4150','2024-03-13 00:00:00');
INSERT INTO orders (order_id,order_number,customer_id,status,subtotal,discount_amount,shipping_cost,tax_amount,order_total,coupon_code,shipping_method,ip_address,created_at) VALUES
  (125,'ORD-2023-00125',72,'shipped',297.94,0.0,0.0,26.07,324.01,NULL,'standard','127.0.0.1','2023-06-07 00:00:00');
INSERT INTO order_items (order_id,product_id,product_name,sku,quantity,unit_price,line_total) VALUES
  (125,5,'Slim Fit Chinos','CLTH-002',2,49.99,99.98),
  (125,4,'Classic Oxford Shirt','CLTH-001',2,59.99,119.98),
  (125,8,'Clean Code','BOOK-001',2,38.99,77.98);
INSERT INTO payments (order_id,gateway,method,status,amount,currency,card_brand,card_last4,processed_at) VALUES
  (125,'stripe','card','captured',324.01,'USD','amex','2996','2023-06-07 00:00:00');
INSERT INTO orders (order_id,order_number,customer_id,status,subtotal,discount_amount,shipping_cost,tax_amount,order_total,coupon_code,shipping_method,ip_address,created_at) VALUES
  (126,'ORD-2023-00126',70,'delivered',4749.92,0.0,0.0,415.62,5165.54,NULL,'standard','127.0.0.1','2023-07-16 00:00:00');
INSERT INTO order_items (order_id,product_id,product_name,sku,quantity,unit_price,line_total) VALUES
  (126,6,'Ergonomic Office Chair','HOME-001',2,449.99,899.98),
  (126,3,'SmartWatch Series X','ELEC-003',3,399.99,1199.97),
  (126,5,'Slim Fit Chinos','CLTH-002',1,49.99,49.99),
  (126,1,'ProBook Laptop 15"','ELEC-001',2,1299.99,2599.98);
INSERT INTO payments (order_id,gateway,method,status,amount,currency,card_brand,card_last4,processed_at) VALUES
  (126,'stripe','card','captured',5165.54,'USD','discover','4505','2023-07-16 00:00:00');
INSERT INTO orders (order_id,order_number,customer_id,status,subtotal,discount_amount,shipping_cost,tax_amount,order_total,coupon_code,shipping_method,ip_address,created_at) VALUES
  (127,'ORD-2024-00127',35,'delivered',309.98,0.0,0.0,27.12,337.1,NULL,'standard','127.0.0.1','2024-07-18 00:00:00');
INSERT INTO order_items (order_id,product_id,product_name,sku,quantity,unit_price,line_total) VALUES
  (127,2,'UltraSound Headphones','ELEC-002',1,249.99,249.99),
  (127,4,'Classic Oxford Shirt','CLTH-001',1,59.99,59.99);
INSERT INTO payments (order_id,gateway,method,status,amount,currency,card_brand,card_last4,processed_at) VALUES
  (127,'stripe','wallet','captured',337.1,'USD',NULL,NULL,'2024-07-18 00:00:00');
INSERT INTO orders (order_id,order_number,customer_id,status,subtotal,discount_amount,shipping_cost,tax_amount,order_total,coupon_code,shipping_method,ip_address,created_at) VALUES
  (128,'ORD-2024-00128',30,'processing',1188.95,0.0,0.0,104.03,1292.98,NULL,'standard','127.0.0.1','2024-03-01 00:00:00');
INSERT INTO order_items (order_id,product_id,product_name,sku,quantity,unit_price,line_total) VALUES
  (128,8,'Clean Code','BOOK-001',1,38.99,38.99),
  (128,2,'UltraSound Headphones','ELEC-002',3,249.99,749.97),
  (128,3,'SmartWatch Series X','ELEC-003',1,399.99,399.99);
INSERT INTO payments (order_id,gateway,method,status,amount,currency,card_brand,card_last4,processed_at) VALUES
  (128,'stripe','paypal','captured',1292.98,'USD',NULL,NULL,'2024-03-01 00:00:00');
INSERT INTO orders (order_id,order_number,customer_id,status,subtotal,discount_amount,shipping_cost,tax_amount,order_total,coupon_code,shipping_method,ip_address,created_at) VALUES
  (129,'ORD-2024-00129',62,'shipped',4499.93,449.99,0.0,354.37,4404.31,'SAVE10','standard','127.0.0.1','2024-09-01 00:00:00');
INSERT INTO order_items (order_id,product_id,product_name,sku,quantity,unit_price,line_total) VALUES
  (129,6,'Ergonomic Office Chair','HOME-001',1,449.99,449.99),
  (129,5,'Slim Fit Chinos','CLTH-002',3,49.99,149.97),
  (129,1,'ProBook Laptop 15"','ELEC-001',3,1299.99,3899.97);
INSERT INTO payments (order_id,gateway,method,status,amount,currency,card_brand,card_last4,processed_at) VALUES
  (129,'stripe','card','captured',4404.31,'USD','discover','3880','2024-09-01 00:00:00');
INSERT INTO orders (order_id,order_number,customer_id,status,subtotal,discount_amount,shipping_cost,tax_amount,order_total,coupon_code,shipping_method,ip_address,created_at) VALUES
  (130,'ORD-2024-00130',51,'shipped',4084.93,0.0,0.0,357.43,4442.36,NULL,'standard','127.0.0.1','2024-02-05 00:00:00');
INSERT INTO order_items (order_id,product_id,product_name,sku,quantity,unit_price,line_total) VALUES
  (130,1,'ProBook Laptop 15"','ELEC-001',3,1299.99,3899.97),
  (130,10,'Vitamin C Serum 30ml','BEAU-001',3,44.99,134.97),
  (130,5,'Slim Fit Chinos','CLTH-002',1,49.99,49.99);
INSERT INTO payments (order_id,gateway,method,status,amount,currency,card_brand,card_last4,processed_at) VALUES
  (130,'stripe','card','captured',4442.36,'USD','amex','8444','2024-02-05 00:00:00');
INSERT INTO orders (order_id,order_number,customer_id,status,subtotal,discount_amount,shipping_cost,tax_amount,order_total,coupon_code,shipping_method,ip_address,created_at) VALUES
  (131,'ORD-2023-00131',70,'delivered',298.97,0.0,0.0,26.16,325.13,NULL,'standard','127.0.0.1','2023-09-28 00:00:00');
INSERT INTO order_items (order_id,product_id,product_name,sku,quantity,unit_price,line_total) VALUES
  (131,9,'Trail Running Shoes','SPRT-001',2,129.99,259.98),
  (131,8,'Clean Code','BOOK-001',1,38.99,38.99);
INSERT INTO payments (order_id,gateway,method,status,amount,currency,card_brand,card_last4,processed_at) VALUES
  (131,'stripe','card','captured',325.13,'USD','mastercard','8518','2023-09-28 00:00:00');
INSERT INTO orders (order_id,order_number,customer_id,status,subtotal,discount_amount,shipping_cost,tax_amount,order_total,coupon_code,shipping_method,ip_address,created_at) VALUES
  (132,'ORD-2023-00132',24,'delivered',1114.92,0.0,0.0,97.56,1212.48,NULL,'standard','127.0.0.1','2023-11-10 00:00:00');
INSERT INTO order_items (order_id,product_id,product_name,sku,quantity,unit_price,line_total) VALUES
  (132,10,'Vitamin C Serum 30ml','BEAU-001',3,44.99,134.97),
  (132,4,'Classic Oxford Shirt','CLTH-001',3,59.99,179.97),
  (132,3,'SmartWatch Series X','ELEC-003',2,399.99,799.98);
INSERT INTO payments (order_id,gateway,method,status,amount,currency,card_brand,card_last4,processed_at) VALUES
  (132,'stripe','wallet','captured',1212.48,'USD',NULL,NULL,'2023-11-10 00:00:00');
INSERT INTO orders (order_id,order_number,customer_id,status,subtotal,discount_amount,shipping_cost,tax_amount,order_total,coupon_code,shipping_method,ip_address,created_at) VALUES
  (133,'ORD-2024-00133',52,'processing',488.98,0.0,0.0,42.79,531.77,NULL,'standard','127.0.0.1','2024-03-16 00:00:00');
INSERT INTO order_items (order_id,product_id,product_name,sku,quantity,unit_price,line_total) VALUES
  (133,8,'Clean Code','BOOK-001',1,38.99,38.99),
  (133,6,'Ergonomic Office Chair','HOME-001',1,449.99,449.99);
INSERT INTO payments (order_id,gateway,method,status,amount,currency,card_brand,card_last4,processed_at) VALUES
  (133,'stripe','card','captured',531.77,'USD','discover','5374','2024-03-16 00:00:00');
INSERT INTO orders (order_id,order_number,customer_id,status,subtotal,discount_amount,shipping_cost,tax_amount,order_total,coupon_code,shipping_method,ip_address,created_at) VALUES
  (134,'ORD-2024-00134',43,'delivered',149.97,0.0,0.0,13.12,163.09,NULL,'standard','127.0.0.1','2024-01-07 00:00:00');
INSERT INTO order_items (order_id,product_id,product_name,sku,quantity,unit_price,line_total) VALUES
  (134,5,'Slim Fit Chinos','CLTH-002',3,49.99,149.97);
INSERT INTO payments (order_id,gateway,method,status,amount,currency,card_brand,card_last4,processed_at) VALUES
  (134,'stripe','card','captured',163.09,'USD','visa','2936','2024-01-07 00:00:00');
INSERT INTO orders (order_id,order_number,customer_id,status,subtotal,discount_amount,shipping_cost,tax_amount,order_total,coupon_code,shipping_method,ip_address,created_at) VALUES
  (135,'ORD-2024-00135',21,'delivered',1249.95,0.0,0.0,109.37,1359.32,NULL,'standard','127.0.0.1','2024-05-21 00:00:00');
INSERT INTO order_items (order_id,product_id,product_name,sku,quantity,unit_price,line_total) VALUES
  (135,2,'UltraSound Headphones','ELEC-002',3,249.99,749.97),
  (135,5,'Slim Fit Chinos','CLTH-002',1,49.99,49.99),
  (135,6,'Ergonomic Office Chair','HOME-001',1,449.99,449.99);
INSERT INTO payments (order_id,gateway,method,status,amount,currency,card_brand,card_last4,processed_at) VALUES
  (135,'stripe','paypal','captured',1359.32,'USD',NULL,NULL,'2024-05-21 00:00:00');
INSERT INTO orders (order_id,order_number,customer_id,status,subtotal,discount_amount,shipping_cost,tax_amount,order_total,coupon_code,shipping_method,ip_address,created_at) VALUES
  (136,'ORD-2023-00136',78,'delivered',1484.91,0.0,0.0,129.93,1614.84,NULL,'standard','127.0.0.1','2023-10-01 00:00:00');
INSERT INTO order_items (order_id,product_id,product_name,sku,quantity,unit_price,line_total) VALUES
  (136,9,'Trail Running Shoes','SPRT-001',3,129.99,389.97),
  (136,4,'Classic Oxford Shirt','CLTH-001',1,59.99,59.99),
  (136,10,'Vitamin C Serum 30ml','BEAU-001',3,44.99,134.97),
  (136,6,'Ergonomic Office Chair','HOME-001',2,449.99,899.98);
INSERT INTO payments (order_id,gateway,method,status,amount,currency,card_brand,card_last4,processed_at) VALUES
  (136,'stripe','card','captured',1614.84,'USD','visa','2838','2023-10-01 00:00:00');
INSERT INTO orders (order_id,order_number,customer_id,status,subtotal,discount_amount,shipping_cost,tax_amount,order_total,coupon_code,shipping_method,ip_address,created_at) VALUES
  (137,'ORD-2024-00137',65,'delivered',2099.95,419.99,0.0,147.0,1826.96,'SAVE20','standard','127.0.0.1','2024-03-21 00:00:00');
INSERT INTO order_items (order_id,product_id,product_name,sku,quantity,unit_price,line_total) VALUES
  (137,3,'SmartWatch Series X','ELEC-003',3,399.99,1199.97),
  (137,6,'Ergonomic Office Chair','HOME-001',2,449.99,899.98);
INSERT INTO payments (order_id,gateway,method,status,amount,currency,card_brand,card_last4,processed_at) VALUES
  (137,'stripe','wallet','captured',1826.96,'USD',NULL,NULL,'2024-03-21 00:00:00');
INSERT INTO orders (order_id,order_number,customer_id,status,subtotal,discount_amount,shipping_cost,tax_amount,order_total,coupon_code,shipping_method,ip_address,created_at) VALUES
  (138,'ORD-2023-00138',66,'delivered',1554.91,0.0,0.0,136.05,1690.96,NULL,'standard','127.0.0.1','2023-12-31 00:00:00');
INSERT INTO order_items (order_id,product_id,product_name,sku,quantity,unit_price,line_total) VALUES
  (138,3,'SmartWatch Series X','ELEC-003',3,399.99,1199.97),
  (138,9,'Trail Running Shoes','SPRT-001',1,129.99,129.99),
  (138,7,'Bamboo Desk Organizer','HOME-002',3,34.99,104.97),
  (138,4,'Classic Oxford Shirt','CLTH-001',2,59.99,119.98);
INSERT INTO payments (order_id,gateway,method,status,amount,currency,card_brand,card_last4,processed_at) VALUES
  (138,'stripe','card','captured',1690.96,'USD','visa','7487','2023-12-31 00:00:00');
INSERT INTO orders (order_id,order_number,customer_id,status,subtotal,discount_amount,shipping_cost,tax_amount,order_total,coupon_code,shipping_method,ip_address,created_at) VALUES
  (139,'ORD-2023-00139',28,'processing',3827.93,765.59,0.0,267.95,3330.29,'SAVE20','standard','127.0.0.1','2023-12-18 00:00:00');
INSERT INTO order_items (order_id,product_id,product_name,sku,quantity,unit_price,line_total) VALUES
  (139,6,'Ergonomic Office Chair','HOME-001',2,449.99,899.98),
  (139,2,'UltraSound Headphones','ELEC-002',1,249.99,249.99),
  (139,1,'ProBook Laptop 15"','ELEC-001',2,1299.99,2599.98),
  (139,8,'Clean Code','BOOK-001',2,38.99,77.98);
INSERT INTO payments (order_id,gateway,method,status,amount,currency,card_brand,card_last4,processed_at) VALUES
  (139,'stripe','paypal','captured',3330.29,'USD',NULL,NULL,'2023-12-18 00:00:00');
INSERT INTO orders (order_id,order_number,customer_id,status,subtotal,discount_amount,shipping_cost,tax_amount,order_total,coupon_code,shipping_method,ip_address,created_at) VALUES
  (140,'ORD-2024-00140',48,'delivered',2069.93,0.0,0.0,181.12,2251.05,NULL,'standard','127.0.0.1','2024-06-13 00:00:00');
INSERT INTO order_items (order_id,product_id,product_name,sku,quantity,unit_price,line_total) VALUES
  (140,7,'Bamboo Desk Organizer','HOME-002',2,34.99,69.98),
  (140,2,'UltraSound Headphones','ELEC-002',1,249.99,249.99),
  (140,3,'SmartWatch Series X','ELEC-003',1,399.99,399.99),
  (140,6,'Ergonomic Office Chair','HOME-001',3,449.99,1349.97);
INSERT INTO payments (order_id,gateway,method,status,amount,currency,card_brand,card_last4,processed_at) VALUES
  (140,'stripe','card','captured',2251.05,'USD','mastercard','1056','2024-06-13 00:00:00');
INSERT INTO orders (order_id,order_number,customer_id,status,subtotal,discount_amount,shipping_cost,tax_amount,order_total,coupon_code,shipping_method,ip_address,created_at) VALUES
  (141,'ORD-2024-00141',60,'delivered',889.93,88.99,0.0,70.08,871.02,'SAVE10','standard','127.0.0.1','2024-11-19 00:00:00');
INSERT INTO order_items (order_id,product_id,product_name,sku,quantity,unit_price,line_total) VALUES
  (141,9,'Trail Running Shoes','SPRT-001',2,129.99,259.98),
  (141,7,'Bamboo Desk Organizer','HOME-002',2,34.99,69.98),
  (141,4,'Classic Oxford Shirt','CLTH-001',1,59.99,59.99),
  (141,2,'UltraSound Headphones','ELEC-002',2,249.99,499.98);
INSERT INTO payments (order_id,gateway,method,status,amount,currency,card_brand,card_last4,processed_at) VALUES
  (141,'stripe','card','captured',871.02,'USD','discover','1256','2024-11-19 00:00:00');
INSERT INTO orders (order_id,order_number,customer_id,status,subtotal,discount_amount,shipping_cost,tax_amount,order_total,coupon_code,shipping_method,ip_address,created_at) VALUES
  (142,'ORD-2023-00142',9,'delivered',3214.94,0.0,0.0,281.31,3496.25,NULL,'standard','127.0.0.1','2023-04-26 00:00:00');
INSERT INTO order_items (order_id,product_id,product_name,sku,quantity,unit_price,line_total) VALUES
  (142,10,'Vitamin C Serum 30ml','BEAU-001',1,44.99,44.99),
  (142,1,'ProBook Laptop 15"','ELEC-001',2,1299.99,2599.98),
  (142,4,'Classic Oxford Shirt','CLTH-001',2,59.99,119.98),
  (142,6,'Ergonomic Office Chair','HOME-001',1,449.99,449.99);
INSERT INTO payments (order_id,gateway,method,status,amount,currency,card_brand,card_last4,processed_at) VALUES
  (142,'stripe','card','captured',3496.25,'USD','mastercard','9255','2023-04-26 00:00:00');
INSERT INTO orders (order_id,order_number,customer_id,status,subtotal,discount_amount,shipping_cost,tax_amount,order_total,coupon_code,shipping_method,ip_address,created_at) VALUES
  (143,'ORD-2023-00143',74,'delivered',729.93,0.0,0.0,63.87,793.8,NULL,'standard','127.0.0.1','2023-08-18 00:00:00');
INSERT INTO order_items (order_id,product_id,product_name,sku,quantity,unit_price,line_total) VALUES
  (143,4,'Classic Oxford Shirt','CLTH-001',3,59.99,179.97),
  (143,5,'Slim Fit Chinos','CLTH-002',3,49.99,149.97),
  (143,3,'SmartWatch Series X','ELEC-003',1,399.99,399.99);
INSERT INTO payments (order_id,gateway,method,status,amount,currency,card_brand,card_last4,processed_at) VALUES
  (143,'stripe','card','captured',793.8,'USD','visa','3869','2023-08-18 00:00:00');
INSERT INTO orders (order_id,order_number,customer_id,status,subtotal,discount_amount,shipping_cost,tax_amount,order_total,coupon_code,shipping_method,ip_address,created_at) VALUES
  (144,'ORD-2023-00144',55,'delivered',1264.93,0.0,0.0,110.68,1375.61,'FREESHIP','standard','127.0.0.1','2023-11-23 00:00:00');
INSERT INTO order_items (order_id,product_id,product_name,sku,quantity,unit_price,line_total) VALUES
  (144,7,'Bamboo Desk Organizer','HOME-002',3,34.99,104.97),
  (144,9,'Trail Running Shoes','SPRT-001',2,129.99,259.98),
  (144,6,'Ergonomic Office Chair','HOME-001',2,449.99,899.98);
INSERT INTO payments (order_id,gateway,method,status,amount,currency,card_brand,card_last4,processed_at) VALUES
  (144,'stripe','card','captured',1375.61,'USD','discover','4948','2023-11-23 00:00:00');
INSERT INTO orders (order_id,order_number,customer_id,status,subtotal,discount_amount,shipping_cost,tax_amount,order_total,coupon_code,shipping_method,ip_address,created_at) VALUES
  (145,'ORD-2024-00145',19,'delivered',814.94,0.0,0.0,71.31,886.25,NULL,'standard','127.0.0.1','2024-07-21 00:00:00');
INSERT INTO order_items (order_id,product_id,product_name,sku,quantity,unit_price,line_total) VALUES
  (145,7,'Bamboo Desk Organizer','HOME-002',1,34.99,34.99),
  (145,9,'Trail Running Shoes','SPRT-001',2,129.99,259.98),
  (145,3,'SmartWatch Series X','ELEC-003',1,399.99,399.99),
  (145,4,'Classic Oxford Shirt','CLTH-001',2,59.99,119.98);
INSERT INTO payments (order_id,gateway,method,status,amount,currency,card_brand,card_last4,processed_at) VALUES
  (145,'stripe','paypal','captured',886.25,'USD',NULL,NULL,'2024-07-21 00:00:00');
INSERT INTO orders (order_id,order_number,customer_id,status,subtotal,discount_amount,shipping_cost,tax_amount,order_total,coupon_code,shipping_method,ip_address,created_at) VALUES
  (146,'ORD-2024-00146',69,'delivered',99.98,0.0,0.0,8.75,108.73,NULL,'standard','127.0.0.1','2024-02-02 00:00:00');
INSERT INTO order_items (order_id,product_id,product_name,sku,quantity,unit_price,line_total) VALUES
  (146,5,'Slim Fit Chinos','CLTH-002',2,49.99,99.98);
INSERT INTO payments (order_id,gateway,method,status,amount,currency,card_brand,card_last4,processed_at) VALUES
  (146,'stripe','wallet','captured',108.73,'USD',NULL,NULL,'2024-02-02 00:00:00');
INSERT INTO orders (order_id,order_number,customer_id,status,subtotal,discount_amount,shipping_cost,tax_amount,order_total,coupon_code,shipping_method,ip_address,created_at) VALUES
  (147,'ORD-2024-00147',25,'delivered',197.96,0.0,0.0,17.32,215.28,NULL,'standard','127.0.0.1','2024-12-12 00:00:00');
INSERT INTO order_items (order_id,product_id,product_name,sku,quantity,unit_price,line_total) VALUES
  (147,8,'Clean Code','BOOK-001',2,38.99,77.98),
  (147,4,'Classic Oxford Shirt','CLTH-001',2,59.99,119.98);
INSERT INTO payments (order_id,gateway,method,status,amount,currency,card_brand,card_last4,processed_at) VALUES
  (147,'stripe','card','captured',215.28,'USD','mastercard','4113','2024-12-12 00:00:00');
INSERT INTO orders (order_id,order_number,customer_id,status,subtotal,discount_amount,shipping_cost,tax_amount,order_total,coupon_code,shipping_method,ip_address,created_at) VALUES
  (148,'ORD-2024-00148',62,'delivered',224.95,0.0,0.0,19.68,244.63,NULL,'standard','127.0.0.1','2024-02-05 00:00:00');
INSERT INTO order_items (order_id,product_id,product_name,sku,quantity,unit_price,line_total) VALUES
  (148,7,'Bamboo Desk Organizer','HOME-002',3,34.99,104.97),
  (148,4,'Classic Oxford Shirt','CLTH-001',2,59.99,119.98);
INSERT INTO payments (order_id,gateway,method,status,amount,currency,card_brand,card_last4,processed_at) VALUES
  (148,'stripe','paypal','captured',244.63,'USD',NULL,NULL,'2024-02-05 00:00:00');
INSERT INTO orders (order_id,order_number,customer_id,status,subtotal,discount_amount,shipping_cost,tax_amount,order_total,coupon_code,shipping_method,ip_address,created_at) VALUES
  (149,'ORD-2024-00149',46,'delivered',487.93,0.0,0.0,42.69,530.62,NULL,'standard','127.0.0.1','2024-01-23 00:00:00');
INSERT INTO order_items (order_id,product_id,product_name,sku,quantity,unit_price,line_total) VALUES
  (149,8,'Clean Code','BOOK-001',2,38.99,77.98),
  (149,2,'UltraSound Headphones','ELEC-002',1,249.99,249.99),
  (149,10,'Vitamin C Serum 30ml','BEAU-001',2,44.99,89.98),
  (149,7,'Bamboo Desk Organizer','HOME-002',2,34.99,69.98);
INSERT INTO payments (order_id,gateway,method,status,amount,currency,card_brand,card_last4,processed_at) VALUES
  (149,'stripe','wallet','captured',530.62,'USD',NULL,NULL,'2024-01-23 00:00:00');
INSERT INTO orders (order_id,order_number,customer_id,status,subtotal,discount_amount,shipping_cost,tax_amount,order_total,coupon_code,shipping_method,ip_address,created_at) VALUES
  (150,'ORD-2023-00150',19,'delivered',1159.93,0.0,0.0,101.49,1261.42,NULL,'standard','127.0.0.1','2023-12-05 00:00:00');
INSERT INTO order_items (order_id,product_id,product_name,sku,quantity,unit_price,line_total) VALUES
  (150,5,'Slim Fit Chinos','CLTH-002',1,49.99,49.99),
  (150,3,'SmartWatch Series X','ELEC-003',2,399.99,799.98),
  (150,4,'Classic Oxford Shirt','CLTH-001',3,59.99,179.97),
  (150,9,'Trail Running Shoes','SPRT-001',1,129.99,129.99);
INSERT INTO payments (order_id,gateway,method,status,amount,currency,card_brand,card_last4,processed_at) VALUES
  (150,'stripe','card','captured',1261.42,'USD','amex','9005','2023-12-05 00:00:00');
INSERT INTO orders (order_id,order_number,customer_id,status,subtotal,discount_amount,shipping_cost,tax_amount,order_total,coupon_code,shipping_method,ip_address,created_at) VALUES
  (151,'ORD-2023-00151',63,'shipped',651.93,0.0,0.0,57.04,708.97,NULL,'standard','127.0.0.1','2023-09-29 00:00:00');
INSERT INTO order_items (order_id,product_id,product_name,sku,quantity,unit_price,line_total) VALUES
  (151,3,'SmartWatch Series X','ELEC-003',1,399.99,399.99),
  (151,10,'Vitamin C Serum 30ml','BEAU-001',3,44.99,134.97),
  (151,8,'Clean Code','BOOK-001',3,38.99,116.97);
INSERT INTO payments (order_id,gateway,method,status,amount,currency,card_brand,card_last4,processed_at) VALUES
  (151,'stripe','wallet','captured',708.97,'USD',NULL,NULL,'2023-09-29 00:00:00');
INSERT INTO orders (order_id,order_number,customer_id,status,subtotal,discount_amount,shipping_cost,tax_amount,order_total,coupon_code,shipping_method,ip_address,created_at) VALUES
  (152,'ORD-2024-00152',10,'processing',34.99,0.0,5.99,3.06,44.04,NULL,'standard','127.0.0.1','2024-10-21 00:00:00');
INSERT INTO order_items (order_id,product_id,product_name,sku,quantity,unit_price,line_total) VALUES
  (152,7,'Bamboo Desk Organizer','HOME-002',1,34.99,34.99);
INSERT INTO payments (order_id,gateway,method,status,amount,currency,card_brand,card_last4,processed_at) VALUES
  (152,'stripe','card','captured',44.04,'USD','visa','3474','2024-10-21 00:00:00');
INSERT INTO orders (order_id,order_number,customer_id,status,subtotal,discount_amount,shipping_cost,tax_amount,order_total,coupon_code,shipping_method,ip_address,created_at) VALUES
  (153,'ORD-2024-00153',2,'delivered',1728.95,0.0,0.0,151.28,1880.23,NULL,'standard','127.0.0.1','2024-02-19 00:00:00');
INSERT INTO order_items (order_id,product_id,product_name,sku,quantity,unit_price,line_total) VALUES
  (153,1,'ProBook Laptop 15"','ELEC-001',1,1299.99,1299.99),
  (153,8,'Clean Code','BOOK-001',1,38.99,38.99),
  (153,9,'Trail Running Shoes','SPRT-001',3,129.99,389.97);
INSERT INTO payments (order_id,gateway,method,status,amount,currency,card_brand,card_last4,processed_at) VALUES
  (153,'stripe','card','captured',1880.23,'USD','visa','9673','2024-02-19 00:00:00');
INSERT INTO orders (order_id,order_number,customer_id,status,subtotal,discount_amount,shipping_cost,tax_amount,order_total,coupon_code,shipping_method,ip_address,created_at) VALUES
  (154,'ORD-2023-00154',69,'confirmed',929.94,0.0,0.0,81.37,1011.31,NULL,'standard','127.0.0.1','2023-06-23 00:00:00');
INSERT INTO order_items (order_id,product_id,product_name,sku,quantity,unit_price,line_total) VALUES
  (154,3,'SmartWatch Series X','ELEC-003',1,399.99,399.99),
  (154,2,'UltraSound Headphones','ELEC-002',1,249.99,249.99),
  (154,9,'Trail Running Shoes','SPRT-001',1,129.99,129.99),
  (154,5,'Slim Fit Chinos','CLTH-002',3,49.99,149.97);
INSERT INTO payments (order_id,gateway,method,status,amount,currency,card_brand,card_last4,processed_at) VALUES
  (154,'stripe','card','captured',1011.31,'USD','amex','7502','2023-06-23 00:00:00');
INSERT INTO orders (order_id,order_number,customer_id,status,subtotal,discount_amount,shipping_cost,tax_amount,order_total,coupon_code,shipping_method,ip_address,created_at) VALUES
  (155,'ORD-2024-00155',11,'cancelled',1784.9,0.0,0.0,156.18,1941.08,NULL,'standard','127.0.0.1','2024-06-14 00:00:00');
INSERT INTO order_items (order_id,product_id,product_name,sku,quantity,unit_price,line_total) VALUES
  (155,10,'Vitamin C Serum 30ml','BEAU-001',3,44.99,134.97),
  (155,4,'Classic Oxford Shirt','CLTH-001',1,59.99,59.99),
  (155,9,'Trail Running Shoes','SPRT-001',3,129.99,389.97),
  (155,3,'SmartWatch Series X','ELEC-003',3,399.99,1199.97);
INSERT INTO payments (order_id,gateway,method,status,amount,currency,card_brand,card_last4,processed_at) VALUES
  (155,'stripe','card','captured',1941.08,'USD','discover','7213','2024-06-14 00:00:00');
INSERT INTO orders (order_id,order_number,customer_id,status,subtotal,discount_amount,shipping_cost,tax_amount,order_total,coupon_code,shipping_method,ip_address,created_at) VALUES
  (156,'ORD-2024-00156',49,'delivered',399.99,0.0,0.0,35.0,434.99,NULL,'standard','127.0.0.1','2024-05-06 00:00:00');
INSERT INTO order_items (order_id,product_id,product_name,sku,quantity,unit_price,line_total) VALUES
  (156,3,'SmartWatch Series X','ELEC-003',1,399.99,399.99);
INSERT INTO payments (order_id,gateway,method,status,amount,currency,card_brand,card_last4,processed_at) VALUES
  (156,'stripe','paypal','captured',434.99,'USD',NULL,NULL,'2024-05-06 00:00:00');
INSERT INTO orders (order_id,order_number,customer_id,status,subtotal,discount_amount,shipping_cost,tax_amount,order_total,coupon_code,shipping_method,ip_address,created_at) VALUES
  (157,'ORD-2023-00157',73,'delivered',59.99,0.0,5.99,5.25,71.23,NULL,'standard','127.0.0.1','2023-03-09 00:00:00');
INSERT INTO order_items (order_id,product_id,product_name,sku,quantity,unit_price,line_total) VALUES
  (157,4,'Classic Oxford Shirt','CLTH-001',1,59.99,59.99);
INSERT INTO payments (order_id,gateway,method,status,amount,currency,card_brand,card_last4,processed_at) VALUES
  (157,'stripe','wallet','captured',71.23,'USD',NULL,NULL,'2023-03-09 00:00:00');
INSERT INTO orders (order_id,order_number,customer_id,status,subtotal,discount_amount,shipping_cost,tax_amount,order_total,coupon_code,shipping_method,ip_address,created_at) VALUES
  (158,'ORD-2023-00158',6,'delivered',1959.96,0.0,0.0,171.5,2131.46,NULL,'standard','127.0.0.1','2023-09-13 00:00:00');
INSERT INTO order_items (order_id,product_id,product_name,sku,quantity,unit_price,line_total) VALUES
  (158,9,'Trail Running Shoes','SPRT-001',2,129.99,259.98),
  (158,1,'ProBook Laptop 15"','ELEC-001',1,1299.99,1299.99),
  (158,3,'SmartWatch Series X','ELEC-003',1,399.99,399.99);
INSERT INTO payments (order_id,gateway,method,status,amount,currency,card_brand,card_last4,processed_at) VALUES
  (158,'stripe','paypal','captured',2131.46,'USD',NULL,NULL,'2023-09-13 00:00:00');
INSERT INTO orders (order_id,order_number,customer_id,status,subtotal,discount_amount,shipping_cost,tax_amount,order_total,coupon_code,shipping_method,ip_address,created_at) VALUES
  (159,'ORD-2024-00159',21,'shipped',1061.9,15,0.0,91.6,1138.5,'FLAT15','standard','127.0.0.1','2024-08-10 00:00:00');
INSERT INTO order_items (order_id,product_id,product_name,sku,quantity,unit_price,line_total) VALUES
  (159,9,'Trail Running Shoes','SPRT-001',3,129.99,389.97),
  (159,6,'Ergonomic Office Chair','HOME-001',1,449.99,449.99),
  (159,7,'Bamboo Desk Organizer','HOME-002',3,34.99,104.97),
  (159,8,'Clean Code','BOOK-001',3,38.99,116.97);
INSERT INTO payments (order_id,gateway,method,status,amount,currency,card_brand,card_last4,processed_at) VALUES
  (159,'stripe','card','captured',1138.5,'USD','visa','8161','2024-08-10 00:00:00');
INSERT INTO orders (order_id,order_number,customer_id,status,subtotal,discount_amount,shipping_cost,tax_amount,order_total,coupon_code,shipping_method,ip_address,created_at) VALUES
  (160,'ORD-2024-00160',10,'delivered',3619.93,0.0,0.0,316.74,3936.67,NULL,'standard','127.0.0.1','2024-05-06 00:00:00');
INSERT INTO order_items (order_id,product_id,product_name,sku,quantity,unit_price,line_total) VALUES
  (160,6,'Ergonomic Office Chair','HOME-001',2,449.99,899.98),
  (160,1,'ProBook Laptop 15"','ELEC-001',2,1299.99,2599.98),
  (160,5,'Slim Fit Chinos','CLTH-002',1,49.99,49.99),
  (160,7,'Bamboo Desk Organizer','HOME-002',2,34.99,69.98);
INSERT INTO payments (order_id,gateway,method,status,amount,currency,card_brand,card_last4,processed_at) VALUES
  (160,'stripe','paypal','captured',3936.67,'USD',NULL,NULL,'2024-05-06 00:00:00');
INSERT INTO orders (order_id,order_number,customer_id,status,subtotal,discount_amount,shipping_cost,tax_amount,order_total,coupon_code,shipping_method,ip_address,created_at) VALUES
  (161,'ORD-2024-00161',75,'delivered',629.95,0.0,0.0,55.12,685.07,NULL,'standard','127.0.0.1','2024-03-22 00:00:00');
INSERT INTO order_items (order_id,product_id,product_name,sku,quantity,unit_price,line_total) VALUES
  (161,4,'Classic Oxford Shirt','CLTH-001',2,59.99,119.98),
  (161,2,'UltraSound Headphones','ELEC-002',1,249.99,249.99),
  (161,9,'Trail Running Shoes','SPRT-001',2,129.99,259.98);
INSERT INTO payments (order_id,gateway,method,status,amount,currency,card_brand,card_last4,processed_at) VALUES
  (161,'stripe','card','captured',685.07,'USD','discover','6188','2024-03-22 00:00:00');
INSERT INTO orders (order_id,order_number,customer_id,status,subtotal,discount_amount,shipping_cost,tax_amount,order_total,coupon_code,shipping_method,ip_address,created_at) VALUES
  (162,'ORD-2023-00162',12,'cancelled',1077.94,0.0,0.0,94.32,1172.26,NULL,'standard','127.0.0.1','2023-07-17 00:00:00');
INSERT INTO order_items (order_id,product_id,product_name,sku,quantity,unit_price,line_total) VALUES
  (162,6,'Ergonomic Office Chair','HOME-001',1,449.99,449.99),
  (162,5,'Slim Fit Chinos','CLTH-002',1,49.99,49.99),
  (162,2,'UltraSound Headphones','ELEC-002',2,249.99,499.98),
  (162,8,'Clean Code','BOOK-001',2,38.99,77.98);
INSERT INTO payments (order_id,gateway,method,status,amount,currency,card_brand,card_last4,processed_at) VALUES
  (162,'stripe','wallet','captured',1172.26,'USD',NULL,NULL,'2023-07-17 00:00:00');
INSERT INTO orders (order_id,order_number,customer_id,status,subtotal,discount_amount,shipping_cost,tax_amount,order_total,coupon_code,shipping_method,ip_address,created_at) VALUES
  (163,'ORD-2023-00163',53,'confirmed',1409.95,0.0,0.0,123.37,1533.32,NULL,'standard','127.0.0.1','2023-11-27 00:00:00');
INSERT INTO order_items (order_id,product_id,product_name,sku,quantity,unit_price,line_total) VALUES
  (163,9,'Trail Running Shoes','SPRT-001',2,129.99,259.98),
  (163,2,'UltraSound Headphones','ELEC-002',1,249.99,249.99),
  (163,6,'Ergonomic Office Chair','HOME-001',2,449.99,899.98);
INSERT INTO payments (order_id,gateway,method,status,amount,currency,card_brand,card_last4,processed_at) VALUES
  (163,'stripe','card','captured',1533.32,'USD','mastercard','9537','2023-11-27 00:00:00');
INSERT INTO orders (order_id,order_number,customer_id,status,subtotal,discount_amount,shipping_cost,tax_amount,order_total,coupon_code,shipping_method,ip_address,created_at) VALUES
  (164,'ORD-2024-00164',22,'delivered',189.96,37.99,0.0,13.3,165.27,'SAVE20','standard','127.0.0.1','2024-08-26 00:00:00');
INSERT INTO order_items (order_id,product_id,product_name,sku,quantity,unit_price,line_total) VALUES
  (164,5,'Slim Fit Chinos','CLTH-002',2,49.99,99.98),
  (164,10,'Vitamin C Serum 30ml','BEAU-001',2,44.99,89.98);
INSERT INTO payments (order_id,gateway,method,status,amount,currency,card_brand,card_last4,processed_at) VALUES
  (164,'stripe','paypal','captured',165.27,'USD',NULL,NULL,'2024-08-26 00:00:00');
INSERT INTO orders (order_id,order_number,customer_id,status,subtotal,discount_amount,shipping_cost,tax_amount,order_total,coupon_code,shipping_method,ip_address,created_at) VALUES
  (165,'ORD-2023-00165',39,'delivered',368.93,0.0,0.0,32.28,401.21,NULL,'standard','127.0.0.1','2023-10-10 00:00:00');
INSERT INTO order_items (order_id,product_id,product_name,sku,quantity,unit_price,line_total) VALUES
  (165,5,'Slim Fit Chinos','CLTH-002',3,49.99,149.97),
  (165,4,'Classic Oxford Shirt','CLTH-001',3,59.99,179.97),
  (165,8,'Clean Code','BOOK-001',1,38.99,38.99);
INSERT INTO payments (order_id,gateway,method,status,amount,currency,card_brand,card_last4,processed_at) VALUES
  (165,'stripe','card','captured',401.21,'USD','amex','1110','2023-10-10 00:00:00');
INSERT INTO orders (order_id,order_number,customer_id,status,subtotal,discount_amount,shipping_cost,tax_amount,order_total,coupon_code,shipping_method,ip_address,created_at) VALUES
  (166,'ORD-2023-00166',80,'delivered',1501.93,0.0,0.0,131.42,1633.35,NULL,'standard','127.0.0.1','2023-07-27 00:00:00');
INSERT INTO order_items (order_id,product_id,product_name,sku,quantity,unit_price,line_total) VALUES
  (166,8,'Clean Code','BOOK-001',3,38.99,116.97),
  (166,6,'Ergonomic Office Chair','HOME-001',3,449.99,1349.97),
  (166,7,'Bamboo Desk Organizer','HOME-002',1,34.99,34.99);
INSERT INTO payments (order_id,gateway,method,status,amount,currency,card_brand,card_last4,processed_at) VALUES
  (166,'stripe','wallet','captured',1633.35,'USD',NULL,NULL,'2023-07-27 00:00:00');
INSERT INTO orders (order_id,order_number,customer_id,status,subtotal,discount_amount,shipping_cost,tax_amount,order_total,coupon_code,shipping_method,ip_address,created_at) VALUES
  (167,'ORD-2024-00167',62,'shipped',887.93,0.0,0.0,77.69,965.62,NULL,'standard','127.0.0.1','2024-03-12 00:00:00');
INSERT INTO order_items (order_id,product_id,product_name,sku,quantity,unit_price,line_total) VALUES
  (167,6,'Ergonomic Office Chair','HOME-001',1,449.99,449.99),
  (167,5,'Slim Fit Chinos','CLTH-002',2,49.99,99.98),
  (167,8,'Clean Code','BOOK-001',2,38.99,77.98),
  (167,9,'Trail Running Shoes','SPRT-001',2,129.99,259.98);
INSERT INTO payments (order_id,gateway,method,status,amount,currency,card_brand,card_last4,processed_at) VALUES
  (167,'stripe','paypal','captured',965.62,'USD',NULL,NULL,'2024-03-12 00:00:00');
INSERT INTO orders (order_id,order_number,customer_id,status,subtotal,discount_amount,shipping_cost,tax_amount,order_total,coupon_code,shipping_method,ip_address,created_at) VALUES
  (168,'ORD-2024-00168',15,'shipped',2989.95,0.0,0.0,261.62,3251.57,NULL,'standard','127.0.0.1','2024-10-24 00:00:00');
INSERT INTO order_items (order_id,product_id,product_name,sku,quantity,unit_price,line_total) VALUES
  (168,9,'Trail Running Shoes','SPRT-001',3,129.99,389.97),
  (168,1,'ProBook Laptop 15"','ELEC-001',2,1299.99,2599.98);
INSERT INTO payments (order_id,gateway,method,status,amount,currency,card_brand,card_last4,processed_at) VALUES
  (168,'stripe','card','captured',3251.57,'USD','discover','5773','2024-10-24 00:00:00');
INSERT INTO orders (order_id,order_number,customer_id,status,subtotal,discount_amount,shipping_cost,tax_amount,order_total,coupon_code,shipping_method,ip_address,created_at) VALUES
  (169,'ORD-2023-00169',9,'delivered',279.95,0.0,0.0,24.5,304.45,'FREESHIP','standard','127.0.0.1','2023-10-01 00:00:00');
INSERT INTO order_items (order_id,product_id,product_name,sku,quantity,unit_price,line_total) VALUES
  (169,5,'Slim Fit Chinos','CLTH-002',2,49.99,99.98),
  (169,4,'Classic Oxford Shirt','CLTH-001',3,59.99,179.97);
INSERT INTO payments (order_id,gateway,method,status,amount,currency,card_brand,card_last4,processed_at) VALUES
  (169,'stripe','paypal','captured',304.45,'USD',NULL,NULL,'2023-10-01 00:00:00');
INSERT INTO orders (order_id,order_number,customer_id,status,subtotal,discount_amount,shipping_cost,tax_amount,order_total,coupon_code,shipping_method,ip_address,created_at) VALUES
  (170,'ORD-2023-00170',77,'delivered',5678.9,1135.78,0.0,397.52,4940.64,'SAVE20','standard','127.0.0.1','2023-09-16 00:00:00');
INSERT INTO order_items (order_id,product_id,product_name,sku,quantity,unit_price,line_total) VALUES
  (170,9,'Trail Running Shoes','SPRT-001',3,129.99,389.97),
  (170,1,'ProBook Laptop 15"','ELEC-001',3,1299.99,3899.97),
  (170,6,'Ergonomic Office Chair','HOME-001',3,449.99,1349.97),
  (170,8,'Clean Code','BOOK-001',1,38.99,38.99);
INSERT INTO payments (order_id,gateway,method,status,amount,currency,card_brand,card_last4,processed_at) VALUES
  (170,'stripe','card','captured',4940.64,'USD','mastercard','1725','2023-09-16 00:00:00');
INSERT INTO orders (order_id,order_number,customer_id,status,subtotal,discount_amount,shipping_cost,tax_amount,order_total,coupon_code,shipping_method,ip_address,created_at) VALUES
  (171,'ORD-2024-00171',52,'delivered',5484.9,0.0,0.0,479.93,5964.83,NULL,'standard','127.0.0.1','2024-04-28 00:00:00');
INSERT INTO order_items (order_id,product_id,product_name,sku,quantity,unit_price,line_total) VALUES
  (171,2,'UltraSound Headphones','ELEC-002',1,249.99,249.99),
  (171,1,'ProBook Laptop 15"','ELEC-001',3,1299.99,3899.97),
  (171,10,'Vitamin C Serum 30ml','BEAU-001',3,44.99,134.97),
  (171,3,'SmartWatch Series X','ELEC-003',3,399.99,1199.97);
INSERT INTO payments (order_id,gateway,method,status,amount,currency,card_brand,card_last4,processed_at) VALUES
  (171,'stripe','wallet','captured',5964.83,'USD',NULL,NULL,'2024-04-28 00:00:00');
INSERT INTO orders (order_id,order_number,customer_id,status,subtotal,discount_amount,shipping_cost,tax_amount,order_total,coupon_code,shipping_method,ip_address,created_at) VALUES
  (172,'ORD-2024-00172',48,'delivered',2199.97,0.0,0.0,192.5,2392.47,NULL,'standard','127.0.0.1','2024-06-18 00:00:00');
INSERT INTO order_items (order_id,product_id,product_name,sku,quantity,unit_price,line_total) VALUES
  (172,6,'Ergonomic Office Chair','HOME-001',2,449.99,899.98),
  (172,1,'ProBook Laptop 15"','ELEC-001',1,1299.99,1299.99);
INSERT INTO payments (order_id,gateway,method,status,amount,currency,card_brand,card_last4,processed_at) VALUES
  (172,'stripe','card','captured',2392.47,'USD','visa','3321','2024-06-18 00:00:00');
INSERT INTO orders (order_id,order_number,customer_id,status,subtotal,discount_amount,shipping_cost,tax_amount,order_total,coupon_code,shipping_method,ip_address,created_at) VALUES
  (173,'ORD-2024-00173',44,'delivered',2086.9,208.69,0.0,164.34,2042.55,'SAVE10','standard','127.0.0.1','2024-07-22 00:00:00');
INSERT INTO order_items (order_id,product_id,product_name,sku,quantity,unit_price,line_total) VALUES
  (173,6,'Ergonomic Office Chair','HOME-001',3,449.99,1349.97),
  (173,8,'Clean Code','BOOK-001',3,38.99,116.97),
  (173,2,'UltraSound Headphones','ELEC-002',2,249.99,499.98),
  (173,4,'Classic Oxford Shirt','CLTH-001',2,59.99,119.98);
INSERT INTO payments (order_id,gateway,method,status,amount,currency,card_brand,card_last4,processed_at) VALUES
  (173,'stripe','card','captured',2042.55,'USD','visa','6620','2024-07-22 00:00:00');
INSERT INTO orders (order_id,order_number,customer_id,status,subtotal,discount_amount,shipping_cost,tax_amount,order_total,coupon_code,shipping_method,ip_address,created_at) VALUES
  (174,'ORD-2024-00174',22,'shipped',1459.95,0.0,0.0,127.75,1587.7,NULL,'standard','127.0.0.1','2024-09-24 00:00:00');
INSERT INTO order_items (order_id,product_id,product_name,sku,quantity,unit_price,line_total) VALUES
  (174,9,'Trail Running Shoes','SPRT-001',2,129.99,259.98),
  (174,3,'SmartWatch Series X','ELEC-003',3,399.99,1199.97);
INSERT INTO payments (order_id,gateway,method,status,amount,currency,card_brand,card_last4,processed_at) VALUES
  (174,'stripe','paypal','captured',1587.7,'USD',NULL,NULL,'2024-09-24 00:00:00');
INSERT INTO orders (order_id,order_number,customer_id,status,subtotal,discount_amount,shipping_cost,tax_amount,order_total,coupon_code,shipping_method,ip_address,created_at) VALUES
  (175,'ORD-2024-00175',52,'shipped',2863.92,0.0,0.0,250.59,3114.51,NULL,'standard','127.0.0.1','2024-02-25 00:00:00');
INSERT INTO order_items (order_id,product_id,product_name,sku,quantity,unit_price,line_total) VALUES
  (175,7,'Bamboo Desk Organizer','HOME-002',3,34.99,104.97),
  (175,1,'ProBook Laptop 15"','ELEC-001',2,1299.99,2599.98),
  (175,4,'Classic Oxford Shirt','CLTH-001',2,59.99,119.98),
  (175,8,'Clean Code','BOOK-001',1,38.99,38.99);
INSERT INTO payments (order_id,gateway,method,status,amount,currency,card_brand,card_last4,processed_at) VALUES
  (175,'stripe','card','captured',3114.51,'USD','amex','2025','2024-02-25 00:00:00');
INSERT INTO orders (order_id,order_number,customer_id,status,subtotal,discount_amount,shipping_cost,tax_amount,order_total,coupon_code,shipping_method,ip_address,created_at) VALUES
  (176,'ORD-2024-00176',14,'shipped',736.93,0.0,0.0,64.48,801.41,NULL,'standard','127.0.0.1','2024-09-16 00:00:00');
INSERT INTO order_items (order_id,product_id,product_name,sku,quantity,unit_price,line_total) VALUES
  (176,4,'Classic Oxford Shirt','CLTH-001',2,59.99,119.98),
  (176,8,'Clean Code','BOOK-001',3,38.99,116.97),
  (176,2,'UltraSound Headphones','ELEC-002',2,249.99,499.98);
INSERT INTO payments (order_id,gateway,method,status,amount,currency,card_brand,card_last4,processed_at) VALUES
  (176,'stripe','card','captured',801.41,'USD','discover','7431','2024-09-16 00:00:00');
INSERT INTO orders (order_id,order_number,customer_id,status,subtotal,discount_amount,shipping_cost,tax_amount,order_total,coupon_code,shipping_method,ip_address,created_at) VALUES
  (177,'ORD-2024-00177',15,'delivered',723.92,0.0,0.0,63.34,787.26,NULL,'standard','127.0.0.1','2024-07-06 00:00:00');
INSERT INTO order_items (order_id,product_id,product_name,sku,quantity,unit_price,line_total) VALUES
  (177,10,'Vitamin C Serum 30ml','BEAU-001',3,44.99,134.97),
  (177,3,'SmartWatch Series X','ELEC-003',1,399.99,399.99),
  (177,5,'Slim Fit Chinos','CLTH-002',3,49.99,149.97),
  (177,8,'Clean Code','BOOK-001',1,38.99,38.99);
INSERT INTO payments (order_id,gateway,method,status,amount,currency,card_brand,card_last4,processed_at) VALUES
  (177,'stripe','card','captured',787.26,'USD','amex','2916','2024-07-06 00:00:00');
INSERT INTO orders (order_id,order_number,customer_id,status,subtotal,discount_amount,shipping_cost,tax_amount,order_total,coupon_code,shipping_method,ip_address,created_at) VALUES
  (178,'ORD-2024-00178',19,'delivered',124.97,0.0,0.0,10.93,135.9,NULL,'standard','127.0.0.1','2024-08-14 00:00:00');
INSERT INTO order_items (order_id,product_id,product_name,sku,quantity,unit_price,line_total) VALUES
  (178,10,'Vitamin C Serum 30ml','BEAU-001',2,44.99,89.98),
  (178,7,'Bamboo Desk Organizer','HOME-002',1,34.99,34.99);
INSERT INTO payments (order_id,gateway,method,status,amount,currency,card_brand,card_last4,processed_at) VALUES
  (178,'stripe','wallet','captured',135.9,'USD',NULL,NULL,'2024-08-14 00:00:00');
INSERT INTO orders (order_id,order_number,customer_id,status,subtotal,discount_amount,shipping_cost,tax_amount,order_total,coupon_code,shipping_method,ip_address,created_at) VALUES
  (179,'ORD-2024-00179',23,'shipped',1384.94,0.0,0.0,121.18,1506.12,NULL,'standard','127.0.0.1','2024-01-02 00:00:00');
INSERT INTO order_items (order_id,product_id,product_name,sku,quantity,unit_price,line_total) VALUES
  (179,3,'SmartWatch Series X','ELEC-003',2,399.99,799.98),
  (179,10,'Vitamin C Serum 30ml','BEAU-001',3,44.99,134.97),
  (179,6,'Ergonomic Office Chair','HOME-001',1,449.99,449.99);
INSERT INTO payments (order_id,gateway,method,status,amount,currency,card_brand,card_last4,processed_at) VALUES
  (179,'stripe','card','captured',1506.12,'USD','discover','3236','2024-01-02 00:00:00');
INSERT INTO orders (order_id,order_number,customer_id,status,subtotal,discount_amount,shipping_cost,tax_amount,order_total,coupon_code,shipping_method,ip_address,created_at) VALUES
  (180,'ORD-2024-00180',50,'delivered',642.94,0.0,0.0,56.26,699.2,NULL,'standard','127.0.0.1','2024-01-08 00:00:00');
INSERT INTO order_items (order_id,product_id,product_name,sku,quantity,unit_price,line_total) VALUES
  (180,7,'Bamboo Desk Organizer','HOME-002',2,34.99,69.98),
  (180,8,'Clean Code','BOOK-001',2,38.99,77.98),
  (180,10,'Vitamin C Serum 30ml','BEAU-001',1,44.99,44.99),
  (180,6,'Ergonomic Office Chair','HOME-001',1,449.99,449.99);
INSERT INTO payments (order_id,gateway,method,status,amount,currency,card_brand,card_last4,processed_at) VALUES
  (180,'stripe','card','captured',699.2,'USD','amex','1535','2024-01-08 00:00:00');
INSERT INTO orders (order_id,order_number,customer_id,status,subtotal,discount_amount,shipping_cost,tax_amount,order_total,coupon_code,shipping_method,ip_address,created_at) VALUES
  (181,'ORD-2023-00181',69,'shipped',972.92,0.0,0.0,85.13,1058.05,NULL,'standard','127.0.0.1','2023-06-24 00:00:00');
INSERT INTO order_items (order_id,product_id,product_name,sku,quantity,unit_price,line_total) VALUES
  (181,10,'Vitamin C Serum 30ml','BEAU-001',1,44.99,44.99),
  (181,8,'Clean Code','BOOK-001',2,38.99,77.98),
  (181,2,'UltraSound Headphones','ELEC-002',3,249.99,749.97),
  (181,5,'Slim Fit Chinos','CLTH-002',2,49.99,99.98);
INSERT INTO payments (order_id,gateway,method,status,amount,currency,card_brand,card_last4,processed_at) VALUES
  (181,'stripe','card','captured',1058.05,'USD','discover','9951','2023-06-24 00:00:00');
INSERT INTO orders (order_id,order_number,customer_id,status,subtotal,discount_amount,shipping_cost,tax_amount,order_total,coupon_code,shipping_method,ip_address,created_at) VALUES
  (182,'ORD-2023-00182',55,'delivered',2699.96,0.0,0.0,236.25,2936.21,NULL,'standard','127.0.0.1','2023-04-05 00:00:00');
INSERT INTO order_items (order_id,product_id,product_name,sku,quantity,unit_price,line_total) VALUES
  (182,5,'Slim Fit Chinos','CLTH-002',2,49.99,99.98),
  (182,1,'ProBook Laptop 15"','ELEC-001',2,1299.99,2599.98);
INSERT INTO payments (order_id,gateway,method,status,amount,currency,card_brand,card_last4,processed_at) VALUES
  (182,'stripe','card','captured',2936.21,'USD','discover','2923','2023-04-05 00:00:00');
INSERT INTO orders (order_id,order_number,customer_id,status,subtotal,discount_amount,shipping_cost,tax_amount,order_total,coupon_code,shipping_method,ip_address,created_at) VALUES
  (183,'ORD-2024-00183',76,'delivered',694.93,0.0,0.0,60.81,755.74,NULL,'standard','127.0.0.1','2024-11-01 00:00:00');
INSERT INTO order_items (order_id,product_id,product_name,sku,quantity,unit_price,line_total) VALUES
  (183,3,'SmartWatch Series X','ELEC-003',1,399.99,399.99),
  (183,10,'Vitamin C Serum 30ml','BEAU-001',1,44.99,44.99),
  (183,4,'Classic Oxford Shirt','CLTH-001',3,59.99,179.97),
  (183,7,'Bamboo Desk Organizer','HOME-002',2,34.99,69.98);
INSERT INTO payments (order_id,gateway,method,status,amount,currency,card_brand,card_last4,processed_at) VALUES
  (183,'stripe','wallet','captured',755.74,'USD',NULL,NULL,'2024-11-01 00:00:00');
INSERT INTO orders (order_id,order_number,customer_id,status,subtotal,discount_amount,shipping_cost,tax_amount,order_total,coupon_code,shipping_method,ip_address,created_at) VALUES
  (184,'ORD-2024-00184',42,'delivered',1309.95,0.0,0.0,114.62,1424.57,NULL,'standard','127.0.0.1','2024-04-03 00:00:00');
INSERT INTO order_items (order_id,product_id,product_name,sku,quantity,unit_price,line_total) VALUES
  (184,9,'Trail Running Shoes','SPRT-001',2,129.99,259.98),
  (184,2,'UltraSound Headphones','ELEC-002',1,249.99,249.99),
  (184,3,'SmartWatch Series X','ELEC-003',2,399.99,799.98);
INSERT INTO payments (order_id,gateway,method,status,amount,currency,card_brand,card_last4,processed_at) VALUES
  (184,'stripe','card','captured',1424.57,'USD','mastercard','5090','2024-04-03 00:00:00');
INSERT INTO orders (order_id,order_number,customer_id,status,subtotal,discount_amount,shipping_cost,tax_amount,order_total,coupon_code,shipping_method,ip_address,created_at) VALUES
  (185,'ORD-2023-00185',42,'delivered',1427.93,0.0,0.0,124.94,1552.87,NULL,'standard','127.0.0.1','2023-08-13 00:00:00');
INSERT INTO order_items (order_id,product_id,product_name,sku,quantity,unit_price,line_total) VALUES
  (185,8,'Clean Code','BOOK-001',2,38.99,77.98),
  (185,3,'SmartWatch Series X','ELEC-003',2,399.99,799.98),
  (185,5,'Slim Fit Chinos','CLTH-002',2,49.99,99.98),
  (185,6,'Ergonomic Office Chair','HOME-001',1,449.99,449.99);
INSERT INTO payments (order_id,gateway,method,status,amount,currency,card_brand,card_last4,processed_at) VALUES
  (185,'stripe','card','captured',1552.87,'USD','discover','9447','2023-08-13 00:00:00');
INSERT INTO orders (order_id,order_number,customer_id,status,subtotal,discount_amount,shipping_cost,tax_amount,order_total,coupon_code,shipping_method,ip_address,created_at) VALUES
  (186,'ORD-2024-00186',48,'cancelled',3484.92,0.0,0.0,304.93,3789.85,NULL,'standard','127.0.0.1','2024-07-20 00:00:00');
INSERT INTO order_items (order_id,product_id,product_name,sku,quantity,unit_price,line_total) VALUES
  (186,10,'Vitamin C Serum 30ml','BEAU-001',3,44.99,134.97),
  (186,1,'ProBook Laptop 15"','ELEC-001',2,1299.99,2599.98),
  (186,2,'UltraSound Headphones','ELEC-002',3,249.99,749.97);
INSERT INTO payments (order_id,gateway,method,status,amount,currency,card_brand,card_last4,processed_at) VALUES
  (186,'stripe','card','captured',3789.85,'USD','visa','9756','2024-07-20 00:00:00');
INSERT INTO orders (order_id,order_number,customer_id,status,subtotal,discount_amount,shipping_cost,tax_amount,order_total,coupon_code,shipping_method,ip_address,created_at) VALUES
  (187,'ORD-2023-00187',51,'cancelled',177.96,0.0,0.0,15.57,193.53,NULL,'standard','127.0.0.1','2023-09-16 00:00:00');
INSERT INTO order_items (order_id,product_id,product_name,sku,quantity,unit_price,line_total) VALUES
  (187,8,'Clean Code','BOOK-001',2,38.99,77.98),
  (187,5,'Slim Fit Chinos','CLTH-002',2,49.99,99.98);
INSERT INTO payments (order_id,gateway,method,status,amount,currency,card_brand,card_last4,processed_at) VALUES
  (187,'stripe','wallet','captured',193.53,'USD',NULL,NULL,'2023-09-16 00:00:00');
INSERT INTO orders (order_id,order_number,customer_id,status,subtotal,discount_amount,shipping_cost,tax_amount,order_total,coupon_code,shipping_method,ip_address,created_at) VALUES
  (188,'ORD-2024-00188',17,'delivered',4239.94,847.99,0.0,296.8,3688.75,'SAVE20','standard','127.0.0.1','2024-02-12 00:00:00');
INSERT INTO order_items (order_id,product_id,product_name,sku,quantity,unit_price,line_total) VALUES
  (188,1,'ProBook Laptop 15"','ELEC-001',3,1299.99,3899.97),
  (188,10,'Vitamin C Serum 30ml','BEAU-001',2,44.99,89.98),
  (188,2,'UltraSound Headphones','ELEC-002',1,249.99,249.99);
INSERT INTO payments (order_id,gateway,method,status,amount,currency,card_brand,card_last4,processed_at) VALUES
  (188,'stripe','paypal','captured',3688.75,'USD',NULL,NULL,'2024-02-12 00:00:00');
INSERT INTO orders (order_id,order_number,customer_id,status,subtotal,discount_amount,shipping_cost,tax_amount,order_total,coupon_code,shipping_method,ip_address,created_at) VALUES
  (189,'ORD-2023-00189',55,'cancelled',499.97,0.0,0.0,43.75,543.72,NULL,'standard','127.0.0.1','2023-05-26 00:00:00');
INSERT INTO order_items (order_id,product_id,product_name,sku,quantity,unit_price,line_total) VALUES
  (189,5,'Slim Fit Chinos','CLTH-002',2,49.99,99.98),
  (189,3,'SmartWatch Series X','ELEC-003',1,399.99,399.99);
INSERT INTO payments (order_id,gateway,method,status,amount,currency,card_brand,card_last4,processed_at) VALUES
  (189,'stripe','card','captured',543.72,'USD','visa','7092','2023-05-26 00:00:00');
INSERT INTO orders (order_id,order_number,customer_id,status,subtotal,discount_amount,shipping_cost,tax_amount,order_total,coupon_code,shipping_method,ip_address,created_at) VALUES
  (190,'ORD-2023-00190',22,'delivered',464.95,46.49,0.0,36.62,455.08,'SAVE10','standard','127.0.0.1','2023-10-07 00:00:00');
INSERT INTO order_items (order_id,product_id,product_name,sku,quantity,unit_price,line_total) VALUES
  (190,4,'Classic Oxford Shirt','CLTH-001',3,59.99,179.97),
  (190,7,'Bamboo Desk Organizer','HOME-002',1,34.99,34.99),
  (190,2,'UltraSound Headphones','ELEC-002',1,249.99,249.99);
INSERT INTO payments (order_id,gateway,method,status,amount,currency,card_brand,card_last4,processed_at) VALUES
  (190,'stripe','card','captured',455.08,'USD','mastercard','9510','2023-10-07 00:00:00');
INSERT INTO orders (order_id,order_number,customer_id,status,subtotal,discount_amount,shipping_cost,tax_amount,order_total,coupon_code,shipping_method,ip_address,created_at) VALUES
  (191,'ORD-2023-00191',2,'delivered',104.97,10.5,0.0,8.27,102.74,'SAVE10','standard','127.0.0.1','2023-11-04 00:00:00');
INSERT INTO order_items (order_id,product_id,product_name,sku,quantity,unit_price,line_total) VALUES
  (191,7,'Bamboo Desk Organizer','HOME-002',3,34.99,104.97);
INSERT INTO payments (order_id,gateway,method,status,amount,currency,card_brand,card_last4,processed_at) VALUES
  (191,'stripe','card','captured',102.74,'USD','discover','2463','2023-11-04 00:00:00');
INSERT INTO orders (order_id,order_number,customer_id,status,subtotal,discount_amount,shipping_cost,tax_amount,order_total,coupon_code,shipping_method,ip_address,created_at) VALUES
  (192,'ORD-2024-00192',14,'delivered',1349.93,134.99,0.0,106.31,1321.25,'SAVE10','standard','127.0.0.1','2024-05-25 00:00:00');
INSERT INTO order_items (order_id,product_id,product_name,sku,quantity,unit_price,line_total) VALUES
  (192,3,'SmartWatch Series X','ELEC-003',3,399.99,1199.97),
  (192,7,'Bamboo Desk Organizer','HOME-002',3,34.99,104.97),
  (192,10,'Vitamin C Serum 30ml','BEAU-001',1,44.99,44.99);
INSERT INTO payments (order_id,gateway,method,status,amount,currency,card_brand,card_last4,processed_at) VALUES
  (192,'stripe','wallet','captured',1321.25,'USD',NULL,NULL,'2024-05-25 00:00:00');
INSERT INTO orders (order_id,order_number,customer_id,status,subtotal,discount_amount,shipping_cost,tax_amount,order_total,coupon_code,shipping_method,ip_address,created_at) VALUES
  (193,'ORD-2024-00193',57,'delivered',73.98,0.0,5.99,6.47,86.44,NULL,'standard','127.0.0.1','2024-04-29 00:00:00');
INSERT INTO order_items (order_id,product_id,product_name,sku,quantity,unit_price,line_total) VALUES
  (193,7,'Bamboo Desk Organizer','HOME-002',1,34.99,34.99),
  (193,8,'Clean Code','BOOK-001',1,38.99,38.99);
INSERT INTO payments (order_id,gateway,method,status,amount,currency,card_brand,card_last4,processed_at) VALUES
  (193,'stripe','card','captured',86.44,'USD','visa','7291','2024-04-29 00:00:00');
INSERT INTO orders (order_id,order_number,customer_id,status,subtotal,discount_amount,shipping_cost,tax_amount,order_total,coupon_code,shipping_method,ip_address,created_at) VALUES
  (194,'ORD-2023-00194',41,'shipped',179.97,0.0,0.0,15.75,195.72,NULL,'standard','127.0.0.1','2023-12-31 00:00:00');
INSERT INTO order_items (order_id,product_id,product_name,sku,quantity,unit_price,line_total) VALUES
  (194,4,'Classic Oxford Shirt','CLTH-001',3,59.99,179.97);
INSERT INTO payments (order_id,gateway,method,status,amount,currency,card_brand,card_last4,processed_at) VALUES
  (194,'stripe','wallet','captured',195.72,'USD',NULL,NULL,'2023-12-31 00:00:00');
INSERT INTO orders (order_id,order_number,customer_id,status,subtotal,discount_amount,shipping_cost,tax_amount,order_total,coupon_code,shipping_method,ip_address,created_at) VALUES
  (195,'ORD-2024-00195',4,'delivered',264.96,0.0,0.0,23.18,288.14,NULL,'standard','127.0.0.1','2024-12-05 00:00:00');
INSERT INTO order_items (order_id,product_id,product_name,sku,quantity,unit_price,line_total) VALUES
  (195,9,'Trail Running Shoes','SPRT-001',1,129.99,129.99),
  (195,10,'Vitamin C Serum 30ml','BEAU-001',3,44.99,134.97);
INSERT INTO payments (order_id,gateway,method,status,amount,currency,card_brand,card_last4,processed_at) VALUES
  (195,'stripe','card','captured',288.14,'USD','mastercard','9108','2024-12-05 00:00:00');
INSERT INTO orders (order_id,order_number,customer_id,status,subtotal,discount_amount,shipping_cost,tax_amount,order_total,coupon_code,shipping_method,ip_address,created_at) VALUES
  (196,'ORD-2023-00196',31,'delivered',129.99,0.0,0.0,11.37,141.36,NULL,'standard','127.0.0.1','2023-09-23 00:00:00');
INSERT INTO order_items (order_id,product_id,product_name,sku,quantity,unit_price,line_total) VALUES
  (196,9,'Trail Running Shoes','SPRT-001',1,129.99,129.99);
INSERT INTO payments (order_id,gateway,method,status,amount,currency,card_brand,card_last4,processed_at) VALUES
  (196,'stripe','card','captured',141.36,'USD','mastercard','7337','2023-09-23 00:00:00');
INSERT INTO orders (order_id,order_number,customer_id,status,subtotal,discount_amount,shipping_cost,tax_amount,order_total,coupon_code,shipping_method,ip_address,created_at) VALUES
  (197,'ORD-2024-00197',47,'delivered',1974.95,0.0,0.0,172.81,2147.76,NULL,'standard','127.0.0.1','2024-02-12 00:00:00');
INSERT INTO order_items (order_id,product_id,product_name,sku,quantity,unit_price,line_total) VALUES
  (197,2,'UltraSound Headphones','ELEC-002',2,249.99,499.98),
  (197,1,'ProBook Laptop 15"','ELEC-001',1,1299.99,1299.99),
  (197,10,'Vitamin C Serum 30ml','BEAU-001',1,44.99,44.99),
  (197,9,'Trail Running Shoes','SPRT-001',1,129.99,129.99);
INSERT INTO payments (order_id,gateway,method,status,amount,currency,card_brand,card_last4,processed_at) VALUES
  (197,'stripe','paypal','captured',2147.76,'USD',NULL,NULL,'2024-02-12 00:00:00');
INSERT INTO orders (order_id,order_number,customer_id,status,subtotal,discount_amount,shipping_cost,tax_amount,order_total,coupon_code,shipping_method,ip_address,created_at) VALUES
  (198,'ORD-2024-00198',65,'delivered',1026.93,0.0,0.0,89.86,1116.79,NULL,'standard','127.0.0.1','2024-12-17 00:00:00');
INSERT INTO order_items (order_id,product_id,product_name,sku,quantity,unit_price,line_total) VALUES
  (198,2,'UltraSound Headphones','ELEC-002',1,249.99,249.99),
  (198,9,'Trail Running Shoes','SPRT-001',2,129.99,259.98),
  (198,3,'SmartWatch Series X','ELEC-003',1,399.99,399.99),
  (198,8,'Clean Code','BOOK-001',3,38.99,116.97);
INSERT INTO payments (order_id,gateway,method,status,amount,currency,card_brand,card_last4,processed_at) VALUES
  (198,'stripe','card','captured',1116.79,'USD','amex','7401','2024-12-17 00:00:00');
INSERT INTO orders (order_id,order_number,customer_id,status,subtotal,discount_amount,shipping_cost,tax_amount,order_total,coupon_code,shipping_method,ip_address,created_at) VALUES
  (199,'ORD-2023-00199',9,'delivered',1419.97,142.0,0.0,111.82,1389.79,'SAVE10','standard','127.0.0.1','2023-08-11 00:00:00');
INSERT INTO order_items (order_id,product_id,product_name,sku,quantity,unit_price,line_total) VALUES
  (199,1,'ProBook Laptop 15"','ELEC-001',1,1299.99,1299.99),
  (199,4,'Classic Oxford Shirt','CLTH-001',2,59.99,119.98);
INSERT INTO payments (order_id,gateway,method,status,amount,currency,card_brand,card_last4,processed_at) VALUES
  (199,'stripe','card','captured',1389.79,'USD','mastercard','2956','2023-08-11 00:00:00');
INSERT INTO orders (order_id,order_number,customer_id,status,subtotal,discount_amount,shipping_cost,tax_amount,order_total,coupon_code,shipping_method,ip_address,created_at) VALUES
  (200,'ORD-2024-00200',18,'confirmed',1679.92,0.0,0.0,146.99,1826.91,NULL,'standard','127.0.0.1','2024-04-13 00:00:00');
INSERT INTO order_items (order_id,product_id,product_name,sku,quantity,unit_price,line_total) VALUES
  (200,6,'Ergonomic Office Chair','HOME-001',2,449.99,899.98),
  (200,9,'Trail Running Shoes','SPRT-001',1,129.99,129.99),
  (200,5,'Slim Fit Chinos','CLTH-002',3,49.99,149.97),
  (200,2,'UltraSound Headphones','ELEC-002',2,249.99,499.98);
INSERT INTO payments (order_id,gateway,method,status,amount,currency,card_brand,card_last4,processed_at) VALUES
  (200,'stripe','card','captured',1826.91,'USD','visa','6488','2024-04-13 00:00:00');
INSERT INTO orders (order_id,order_number,customer_id,status,subtotal,discount_amount,shipping_cost,tax_amount,order_total,coupon_code,shipping_method,ip_address,created_at) VALUES
  (201,'ORD-2023-00201',55,'delivered',917.93,183.59,0.0,64.25,798.59,'SAVE20','standard','127.0.0.1','2023-07-01 00:00:00');
INSERT INTO order_items (order_id,product_id,product_name,sku,quantity,unit_price,line_total) VALUES
  (201,10,'Vitamin C Serum 30ml','BEAU-001',2,44.99,89.98),
  (201,2,'UltraSound Headphones','ELEC-002',3,249.99,749.97),
  (201,8,'Clean Code','BOOK-001',2,38.99,77.98);
INSERT INTO payments (order_id,gateway,method,status,amount,currency,card_brand,card_last4,processed_at) VALUES
  (201,'stripe','card','captured',798.59,'USD','mastercard','5179','2023-07-01 00:00:00');
INSERT INTO orders (order_id,order_number,customer_id,status,subtotal,discount_amount,shipping_cost,tax_amount,order_total,coupon_code,shipping_method,ip_address,created_at) VALUES
  (202,'ORD-2024-00202',15,'delivered',1299.99,0.0,0.0,113.75,1413.74,'FREESHIP','standard','127.0.0.1','2024-05-05 00:00:00');
INSERT INTO order_items (order_id,product_id,product_name,sku,quantity,unit_price,line_total) VALUES
  (202,1,'ProBook Laptop 15"','ELEC-001',1,1299.99,1299.99);
INSERT INTO payments (order_id,gateway,method,status,amount,currency,card_brand,card_last4,processed_at) VALUES
  (202,'stripe','card','captured',1413.74,'USD','discover','3458','2024-05-05 00:00:00');
INSERT INTO orders (order_id,order_number,customer_id,status,subtotal,discount_amount,shipping_cost,tax_amount,order_total,coupon_code,shipping_method,ip_address,created_at) VALUES
  (203,'ORD-2024-00203',71,'delivered',1079.95,0.0,0.0,94.5,1174.45,NULL,'standard','127.0.0.1','2024-12-07 00:00:00');
INSERT INTO order_items (order_id,product_id,product_name,sku,quantity,unit_price,line_total) VALUES
  (203,6,'Ergonomic Office Chair','HOME-001',2,449.99,899.98),
  (203,4,'Classic Oxford Shirt','CLTH-001',3,59.99,179.97);
INSERT INTO payments (order_id,gateway,method,status,amount,currency,card_brand,card_last4,processed_at) VALUES
  (203,'stripe','card','captured',1174.45,'USD','amex','2956','2024-12-07 00:00:00');
INSERT INTO orders (order_id,order_number,customer_id,status,subtotal,discount_amount,shipping_cost,tax_amount,order_total,coupon_code,shipping_method,ip_address,created_at) VALUES
  (204,'ORD-2023-00204',7,'shipped',34.99,0.0,5.99,3.06,44.04,NULL,'standard','127.0.0.1','2023-05-25 00:00:00');
INSERT INTO order_items (order_id,product_id,product_name,sku,quantity,unit_price,line_total) VALUES
  (204,7,'Bamboo Desk Organizer','HOME-002',1,34.99,34.99);
INSERT INTO payments (order_id,gateway,method,status,amount,currency,card_brand,card_last4,processed_at) VALUES
  (204,'stripe','card','captured',44.04,'USD','amex','6362','2023-05-25 00:00:00');
INSERT INTO orders (order_id,order_number,customer_id,status,subtotal,discount_amount,shipping_cost,tax_amount,order_total,coupon_code,shipping_method,ip_address,created_at) VALUES
  (205,'ORD-2024-00205',71,'confirmed',284.94,15,0.0,23.62,293.56,'FLAT15','standard','127.0.0.1','2024-09-05 00:00:00');
INSERT INTO order_items (order_id,product_id,product_name,sku,quantity,unit_price,line_total) VALUES
  (205,5,'Slim Fit Chinos','CLTH-002',3,49.99,149.97),
  (205,10,'Vitamin C Serum 30ml','BEAU-001',3,44.99,134.97);
INSERT INTO payments (order_id,gateway,method,status,amount,currency,card_brand,card_last4,processed_at) VALUES
  (205,'stripe','wallet','captured',293.56,'USD',NULL,NULL,'2024-09-05 00:00:00');
INSERT INTO orders (order_id,order_number,customer_id,status,subtotal,discount_amount,shipping_cost,tax_amount,order_total,coupon_code,shipping_method,ip_address,created_at) VALUES
  (206,'ORD-2024-00206',64,'delivered',2099.97,15,0.0,182.43,2267.4,'FLAT15','standard','127.0.0.1','2024-11-05 00:00:00');
INSERT INTO order_items (order_id,product_id,product_name,sku,quantity,unit_price,line_total) VALUES
  (206,3,'SmartWatch Series X','ELEC-003',2,399.99,799.98),
  (206,1,'ProBook Laptop 15"','ELEC-001',1,1299.99,1299.99);
INSERT INTO payments (order_id,gateway,method,status,amount,currency,card_brand,card_last4,processed_at) VALUES
  (206,'stripe','card','captured',2267.4,'USD','amex','1023','2024-11-05 00:00:00');
INSERT INTO orders (order_id,order_number,customer_id,status,subtotal,discount_amount,shipping_cost,tax_amount,order_total,coupon_code,shipping_method,ip_address,created_at) VALUES
  (207,'ORD-2023-00207',40,'shipped',73.98,0.0,5.99,6.47,86.44,NULL,'standard','127.0.0.1','2023-07-16 00:00:00');
INSERT INTO order_items (order_id,product_id,product_name,sku,quantity,unit_price,line_total) VALUES
  (207,7,'Bamboo Desk Organizer','HOME-002',1,34.99,34.99),
  (207,8,'Clean Code','BOOK-001',1,38.99,38.99);
INSERT INTO payments (order_id,gateway,method,status,amount,currency,card_brand,card_last4,processed_at) VALUES
  (207,'stripe','card','captured',86.44,'USD','visa','4792','2023-07-16 00:00:00');
INSERT INTO orders (order_id,order_number,customer_id,status,subtotal,discount_amount,shipping_cost,tax_amount,order_total,coupon_code,shipping_method,ip_address,created_at) VALUES
  (208,'ORD-2024-00208',53,'delivered',3094.91,618.98,0.0,216.64,2692.57,'SAVE20','standard','127.0.0.1','2024-09-28 00:00:00');
INSERT INTO order_items (order_id,product_id,product_name,sku,quantity,unit_price,line_total) VALUES
  (208,2,'UltraSound Headphones','ELEC-002',2,249.99,499.98),
  (208,10,'Vitamin C Serum 30ml','BEAU-001',1,44.99,44.99),
  (208,3,'SmartWatch Series X','ELEC-003',3,399.99,1199.97),
  (208,6,'Ergonomic Office Chair','HOME-001',3,449.99,1349.97);
INSERT INTO payments (order_id,gateway,method,status,amount,currency,card_brand,card_last4,processed_at) VALUES
  (208,'stripe','card','captured',2692.57,'USD','amex','5276','2024-09-28 00:00:00');
INSERT INTO orders (order_id,order_number,customer_id,status,subtotal,discount_amount,shipping_cost,tax_amount,order_total,coupon_code,shipping_method,ip_address,created_at) VALUES
  (209,'ORD-2023-00209',42,'delivered',429.96,43.0,0.0,33.86,420.82,'SAVE10','standard','127.0.0.1','2023-09-18 00:00:00');
INSERT INTO order_items (order_id,product_id,product_name,sku,quantity,unit_price,line_total) VALUES
  (209,2,'UltraSound Headphones','ELEC-002',1,249.99,249.99),
  (209,4,'Classic Oxford Shirt','CLTH-001',3,59.99,179.97);
INSERT INTO payments (order_id,gateway,method,status,amount,currency,card_brand,card_last4,processed_at) VALUES
  (209,'stripe','card','captured',420.82,'USD','discover','8635','2023-09-18 00:00:00');
INSERT INTO orders (order_id,order_number,customer_id,status,subtotal,discount_amount,shipping_cost,tax_amount,order_total,coupon_code,shipping_method,ip_address,created_at) VALUES
  (210,'ORD-2024-00210',16,'delivered',177.96,0.0,0.0,15.57,193.53,NULL,'standard','127.0.0.1','2024-08-25 00:00:00');
INSERT INTO order_items (order_id,product_id,product_name,sku,quantity,unit_price,line_total) VALUES
  (210,8,'Clean Code','BOOK-001',2,38.99,77.98),
  (210,5,'Slim Fit Chinos','CLTH-002',2,49.99,99.98);
INSERT INTO payments (order_id,gateway,method,status,amount,currency,card_brand,card_last4,processed_at) VALUES
  (210,'stripe','card','captured',193.53,'USD','mastercard','5984','2024-08-25 00:00:00');
INSERT INTO orders (order_id,order_number,customer_id,status,subtotal,discount_amount,shipping_cost,tax_amount,order_total,coupon_code,shipping_method,ip_address,created_at) VALUES
  (211,'ORD-2023-00211',78,'shipped',1479.93,15,0.0,128.18,1593.11,'FLAT15','standard','127.0.0.1','2023-04-13 00:00:00');
INSERT INTO order_items (order_id,product_id,product_name,sku,quantity,unit_price,line_total) VALUES
  (211,3,'SmartWatch Series X','ELEC-003',2,399.99,799.98),
  (211,2,'UltraSound Headphones','ELEC-002',2,249.99,499.98),
  (211,4,'Classic Oxford Shirt','CLTH-001',3,59.99,179.97);
INSERT INTO payments (order_id,gateway,method,status,amount,currency,card_brand,card_last4,processed_at) VALUES
  (211,'stripe','card','captured',1593.11,'USD','mastercard','1509','2023-04-13 00:00:00');
INSERT INTO orders (order_id,order_number,customer_id,status,subtotal,discount_amount,shipping_cost,tax_amount,order_total,coupon_code,shipping_method,ip_address,created_at) VALUES
  (212,'ORD-2024-00212',58,'delivered',288.98,28.9,0.0,22.76,282.84,'SAVE10','standard','127.0.0.1','2024-08-06 00:00:00');
INSERT INTO order_items (order_id,product_id,product_name,sku,quantity,unit_price,line_total) VALUES
  (212,2,'UltraSound Headphones','ELEC-002',1,249.99,249.99),
  (212,8,'Clean Code','BOOK-001',1,38.99,38.99);
INSERT INTO payments (order_id,gateway,method,status,amount,currency,card_brand,card_last4,processed_at) VALUES
  (212,'stripe','card','captured',282.84,'USD','mastercard','4246','2024-08-06 00:00:00');
INSERT INTO orders (order_id,order_number,customer_id,status,subtotal,discount_amount,shipping_cost,tax_amount,order_total,coupon_code,shipping_method,ip_address,created_at) VALUES
  (213,'ORD-2024-00213',11,'delivered',1299.99,0.0,0.0,113.75,1413.74,'FREESHIP','standard','127.0.0.1','2024-09-29 00:00:00');
INSERT INTO order_items (order_id,product_id,product_name,sku,quantity,unit_price,line_total) VALUES
  (213,1,'ProBook Laptop 15"','ELEC-001',1,1299.99,1299.99);
INSERT INTO payments (order_id,gateway,method,status,amount,currency,card_brand,card_last4,processed_at) VALUES
  (213,'stripe','card','captured',1413.74,'USD','visa','6432','2024-09-29 00:00:00');
INSERT INTO orders (order_id,order_number,customer_id,status,subtotal,discount_amount,shipping_cost,tax_amount,order_total,coupon_code,shipping_method,ip_address,created_at) VALUES
  (214,'ORD-2024-00214',60,'shipped',1602.92,320.58,0.0,112.2,1394.54,'SAVE20','standard','127.0.0.1','2024-01-05 00:00:00');
INSERT INTO order_items (order_id,product_id,product_name,sku,quantity,unit_price,line_total) VALUES
  (214,7,'Bamboo Desk Organizer','HOME-002',3,34.99,104.97),
  (214,8,'Clean Code','BOOK-001',2,38.99,77.98),
  (214,1,'ProBook Laptop 15"','ELEC-001',1,1299.99,1299.99),
  (214,4,'Classic Oxford Shirt','CLTH-001',2,59.99,119.98);
INSERT INTO payments (order_id,gateway,method,status,amount,currency,card_brand,card_last4,processed_at) VALUES
  (214,'stripe','card','captured',1394.54,'USD','amex','8307','2024-01-05 00:00:00');
INSERT INTO orders (order_id,order_number,customer_id,status,subtotal,discount_amount,shipping_cost,tax_amount,order_total,coupon_code,shipping_method,ip_address,created_at) VALUES
  (215,'ORD-2024-00215',5,'delivered',216.95,0.0,0.0,18.98,235.93,NULL,'standard','127.0.0.1','2024-09-08 00:00:00');
INSERT INTO order_items (order_id,product_id,product_name,sku,quantity,unit_price,line_total) VALUES
  (215,5,'Slim Fit Chinos','CLTH-002',2,49.99,99.98),
  (215,8,'Clean Code','BOOK-001',3,38.99,116.97);
INSERT INTO payments (order_id,gateway,method,status,amount,currency,card_brand,card_last4,processed_at) VALUES
  (215,'stripe','card','captured',235.93,'USD','amex','7275','2024-09-08 00:00:00');
INSERT INTO orders (order_id,order_number,customer_id,status,subtotal,discount_amount,shipping_cost,tax_amount,order_total,coupon_code,shipping_method,ip_address,created_at) VALUES
  (216,'ORD-2024-00216',26,'delivered',4159.95,0.0,0.0,364.0,4523.95,NULL,'standard','127.0.0.1','2024-05-19 00:00:00');
INSERT INTO order_items (order_id,product_id,product_name,sku,quantity,unit_price,line_total) VALUES
  (216,9,'Trail Running Shoes','SPRT-001',2,129.99,259.98),
  (216,1,'ProBook Laptop 15"','ELEC-001',3,1299.99,3899.97);
INSERT INTO payments (order_id,gateway,method,status,amount,currency,card_brand,card_last4,processed_at) VALUES
  (216,'stripe','wallet','captured',4523.95,'USD',NULL,NULL,'2024-05-19 00:00:00');
INSERT INTO orders (order_id,order_number,customer_id,status,subtotal,discount_amount,shipping_cost,tax_amount,order_total,coupon_code,shipping_method,ip_address,created_at) VALUES
  (217,'ORD-2023-00217',73,'delivered',2949.95,0.0,0.0,258.12,3208.07,NULL,'standard','127.0.0.1','2023-10-04 00:00:00');
INSERT INTO order_items (order_id,product_id,product_name,sku,quantity,unit_price,line_total) VALUES
  (217,3,'SmartWatch Series X','ELEC-003',3,399.99,1199.97),
  (217,1,'ProBook Laptop 15"','ELEC-001',1,1299.99,1299.99),
  (217,6,'Ergonomic Office Chair','HOME-001',1,449.99,449.99);
INSERT INTO payments (order_id,gateway,method,status,amount,currency,card_brand,card_last4,processed_at) VALUES
  (217,'stripe','card','captured',3208.07,'USD','visa','8728','2023-10-04 00:00:00');
INSERT INTO orders (order_id,order_number,customer_id,status,subtotal,discount_amount,shipping_cost,tax_amount,order_total,coupon_code,shipping_method,ip_address,created_at) VALUES
  (218,'ORD-2023-00218',75,'cancelled',179.97,18.0,0.0,14.17,176.14,'SAVE10','standard','127.0.0.1','2023-08-16 00:00:00');
INSERT INTO order_items (order_id,product_id,product_name,sku,quantity,unit_price,line_total) VALUES
  (218,4,'Classic Oxford Shirt','CLTH-001',3,59.99,179.97);
INSERT INTO payments (order_id,gateway,method,status,amount,currency,card_brand,card_last4,processed_at) VALUES
  (218,'stripe','card','captured',176.14,'USD','discover','6813','2023-08-16 00:00:00');
INSERT INTO orders (order_id,order_number,customer_id,status,subtotal,discount_amount,shipping_cost,tax_amount,order_total,coupon_code,shipping_method,ip_address,created_at) VALUES
  (219,'ORD-2023-00219',23,'shipped',5294.93,0.0,0.0,463.31,5758.24,NULL,'standard','127.0.0.1','2023-06-22 00:00:00');
INSERT INTO order_items (order_id,product_id,product_name,sku,quantity,unit_price,line_total) VALUES
  (219,6,'Ergonomic Office Chair','HOME-001',3,449.99,1349.97),
  (219,1,'ProBook Laptop 15"','ELEC-001',3,1299.99,3899.97),
  (219,10,'Vitamin C Serum 30ml','BEAU-001',1,44.99,44.99);
INSERT INTO payments (order_id,gateway,method,status,amount,currency,card_brand,card_last4,processed_at) VALUES
  (219,'stripe','card','captured',5758.24,'USD','discover','9882','2023-06-22 00:00:00');
INSERT INTO orders (order_id,order_number,customer_id,status,subtotal,discount_amount,shipping_cost,tax_amount,order_total,coupon_code,shipping_method,ip_address,created_at) VALUES
  (220,'ORD-2023-00220',23,'confirmed',179.97,0.0,0.0,15.75,195.72,'FREESHIP','standard','127.0.0.1','2023-11-30 00:00:00');
INSERT INTO order_items (order_id,product_id,product_name,sku,quantity,unit_price,line_total) VALUES
  (220,4,'Classic Oxford Shirt','CLTH-001',3,59.99,179.97);
INSERT INTO payments (order_id,gateway,method,status,amount,currency,card_brand,card_last4,processed_at) VALUES
  (220,'stripe','card','captured',195.72,'USD','amex','4300','2023-11-30 00:00:00');
INSERT INTO orders (order_id,order_number,customer_id,status,subtotal,discount_amount,shipping_cost,tax_amount,order_total,coupon_code,shipping_method,ip_address,created_at) VALUES
  (221,'ORD-2023-00221',17,'delivered',4434.93,0.0,0.0,388.06,4822.99,NULL,'standard','127.0.0.1','2023-10-20 00:00:00');
INSERT INTO order_items (order_id,product_id,product_name,sku,quantity,unit_price,line_total) VALUES
  (221,1,'ProBook Laptop 15"','ELEC-001',3,1299.99,3899.97),
  (221,10,'Vitamin C Serum 30ml','BEAU-001',3,44.99,134.97),
  (221,3,'SmartWatch Series X','ELEC-003',1,399.99,399.99);
INSERT INTO payments (order_id,gateway,method,status,amount,currency,card_brand,card_last4,processed_at) VALUES
  (221,'stripe','wallet','captured',4822.99,'USD',NULL,NULL,'2023-10-20 00:00:00');
INSERT INTO orders (order_id,order_number,customer_id,status,subtotal,discount_amount,shipping_cost,tax_amount,order_total,coupon_code,shipping_method,ip_address,created_at) VALUES
  (222,'ORD-2024-00222',48,'cancelled',1989.93,0.0,0.0,174.12,2164.05,NULL,'standard','127.0.0.1','2024-11-25 00:00:00');
INSERT INTO order_items (order_id,product_id,product_name,sku,quantity,unit_price,line_total) VALUES
  (222,10,'Vitamin C Serum 30ml','BEAU-001',2,44.99,89.98),
  (222,2,'UltraSound Headphones','ELEC-002',1,249.99,249.99),
  (222,6,'Ergonomic Office Chair','HOME-001',1,449.99,449.99),
  (222,3,'SmartWatch Series X','ELEC-003',3,399.99,1199.97);
INSERT INTO payments (order_id,gateway,method,status,amount,currency,card_brand,card_last4,processed_at) VALUES
  (222,'stripe','paypal','captured',2164.05,'USD',NULL,NULL,'2024-11-25 00:00:00');
INSERT INTO orders (order_id,order_number,customer_id,status,subtotal,discount_amount,shipping_cost,tax_amount,order_total,coupon_code,shipping_method,ip_address,created_at) VALUES
  (223,'ORD-2024-00223',41,'delivered',1424.92,0.0,0.0,124.68,1549.6,NULL,'standard','127.0.0.1','2024-01-18 00:00:00');
INSERT INTO order_items (order_id,product_id,product_name,sku,quantity,unit_price,line_total) VALUES
  (223,4,'Classic Oxford Shirt','CLTH-001',2,59.99,119.98),
  (223,3,'SmartWatch Series X','ELEC-003',3,399.99,1199.97),
  (223,7,'Bamboo Desk Organizer','HOME-002',3,34.99,104.97);
INSERT INTO payments (order_id,gateway,method,status,amount,currency,card_brand,card_last4,processed_at) VALUES
  (223,'stripe','card','captured',1549.6,'USD','visa','7415','2024-01-18 00:00:00');
INSERT INTO orders (order_id,order_number,customer_id,status,subtotal,discount_amount,shipping_cost,tax_amount,order_total,coupon_code,shipping_method,ip_address,created_at) VALUES
  (224,'ORD-2024-00224',24,'delivered',339.97,0.0,0.0,29.75,369.72,NULL,'standard','127.0.0.1','2024-09-06 00:00:00');
INSERT INTO order_items (order_id,product_id,product_name,sku,quantity,unit_price,line_total) VALUES
  (224,10,'Vitamin C Serum 30ml','BEAU-001',2,44.99,89.98),
  (224,2,'UltraSound Headphones','ELEC-002',1,249.99,249.99);
INSERT INTO payments (order_id,gateway,method,status,amount,currency,card_brand,card_last4,processed_at) VALUES
  (224,'stripe','card','captured',369.72,'USD','mastercard','6682','2024-09-06 00:00:00');
INSERT INTO orders (order_id,order_number,customer_id,status,subtotal,discount_amount,shipping_cost,tax_amount,order_total,coupon_code,shipping_method,ip_address,created_at) VALUES
  (225,'ORD-2024-00225',12,'delivered',1488.95,15,0.0,128.97,1602.92,'FLAT15','standard','127.0.0.1','2024-07-11 00:00:00');
INSERT INTO order_items (order_id,product_id,product_name,sku,quantity,unit_price,line_total) VALUES
  (225,8,'Clean Code','BOOK-001',1,38.99,38.99),
  (225,1,'ProBook Laptop 15"','ELEC-001',1,1299.99,1299.99),
  (225,5,'Slim Fit Chinos','CLTH-002',3,49.99,149.97);
INSERT INTO payments (order_id,gateway,method,status,amount,currency,card_brand,card_last4,processed_at) VALUES
  (225,'stripe','card','captured',1602.92,'USD','visa','1788','2024-07-11 00:00:00');
INSERT INTO orders (order_id,order_number,customer_id,status,subtotal,discount_amount,shipping_cost,tax_amount,order_total,coupon_code,shipping_method,ip_address,created_at) VALUES
  (226,'ORD-2023-00226',54,'delivered',5454.89,0.0,0.0,477.3,5932.19,'FREESHIP','standard','127.0.0.1','2023-11-27 00:00:00');
INSERT INTO order_items (order_id,product_id,product_name,sku,quantity,unit_price,line_total) VALUES
  (226,7,'Bamboo Desk Organizer','HOME-002',2,34.99,69.98),
  (226,6,'Ergonomic Office Chair','HOME-001',3,449.99,1349.97),
  (226,10,'Vitamin C Serum 30ml','BEAU-001',3,44.99,134.97),
  (226,1,'ProBook Laptop 15"','ELEC-001',3,1299.99,3899.97);
INSERT INTO payments (order_id,gateway,method,status,amount,currency,card_brand,card_last4,processed_at) VALUES
  (226,'stripe','card','captured',5932.19,'USD','visa','5831','2023-11-27 00:00:00');
INSERT INTO orders (order_id,order_number,customer_id,status,subtotal,discount_amount,shipping_cost,tax_amount,order_total,coupon_code,shipping_method,ip_address,created_at) VALUES
  (227,'ORD-2023-00227',34,'processing',504.96,0.0,0.0,44.18,549.14,NULL,'standard','127.0.0.1','2023-05-19 00:00:00');
INSERT INTO order_items (order_id,product_id,product_name,sku,quantity,unit_price,line_total) VALUES
  (227,7,'Bamboo Desk Organizer','HOME-002',3,34.99,104.97),
  (227,3,'SmartWatch Series X','ELEC-003',1,399.99,399.99);
INSERT INTO payments (order_id,gateway,method,status,amount,currency,card_brand,card_last4,processed_at) VALUES
  (227,'stripe','card','captured',549.14,'USD','amex','8909','2023-05-19 00:00:00');
INSERT INTO orders (order_id,order_number,customer_id,status,subtotal,discount_amount,shipping_cost,tax_amount,order_total,coupon_code,shipping_method,ip_address,created_at) VALUES
  (228,'ORD-2024-00228',4,'cancelled',79.98,16.0,5.99,5.6,75.57,'SAVE20','standard','127.0.0.1','2024-08-10 00:00:00');
INSERT INTO order_items (order_id,product_id,product_name,sku,quantity,unit_price,line_total) VALUES
  (228,10,'Vitamin C Serum 30ml','BEAU-001',1,44.99,44.99),
  (228,7,'Bamboo Desk Organizer','HOME-002',1,34.99,34.99);
INSERT INTO payments (order_id,gateway,method,status,amount,currency,card_brand,card_last4,processed_at) VALUES
  (228,'stripe','card','captured',75.57,'USD','discover','9849','2024-08-10 00:00:00');
INSERT INTO orders (order_id,order_number,customer_id,status,subtotal,discount_amount,shipping_cost,tax_amount,order_total,coupon_code,shipping_method,ip_address,created_at) VALUES
  (229,'ORD-2024-00229',34,'delivered',4399.95,0.0,0.0,385.0,4784.95,NULL,'standard','127.0.0.1','2024-02-28 00:00:00');
INSERT INTO order_items (order_id,product_id,product_name,sku,quantity,unit_price,line_total) VALUES
  (229,2,'UltraSound Headphones','ELEC-002',2,249.99,499.98),
  (229,1,'ProBook Laptop 15"','ELEC-001',3,1299.99,3899.97);
INSERT INTO payments (order_id,gateway,method,status,amount,currency,card_brand,card_last4,processed_at) VALUES
  (229,'stripe','paypal','captured',4784.95,'USD',NULL,NULL,'2024-02-28 00:00:00');
INSERT INTO orders (order_id,order_number,customer_id,status,subtotal,discount_amount,shipping_cost,tax_amount,order_total,coupon_code,shipping_method,ip_address,created_at) VALUES
  (230,'ORD-2023-00230',47,'delivered',143.97,15,0.0,11.28,140.25,'FLAT15','standard','127.0.0.1','2023-05-10 00:00:00');
INSERT INTO order_items (order_id,product_id,product_name,sku,quantity,unit_price,line_total) VALUES
  (230,10,'Vitamin C Serum 30ml','BEAU-001',1,44.99,44.99),
  (230,8,'Clean Code','BOOK-001',1,38.99,38.99),
  (230,4,'Classic Oxford Shirt','CLTH-001',1,59.99,59.99);
INSERT INTO payments (order_id,gateway,method,status,amount,currency,card_brand,card_last4,processed_at) VALUES
  (230,'stripe','card','captured',140.25,'USD','discover','2892','2023-05-10 00:00:00');
INSERT INTO orders (order_id,order_number,customer_id,status,subtotal,discount_amount,shipping_cost,tax_amount,order_total,coupon_code,shipping_method,ip_address,created_at) VALUES
  (231,'ORD-2023-00231',61,'delivered',579.95,0.0,0.0,50.75,630.7,NULL,'standard','127.0.0.1','2023-09-13 00:00:00');
INSERT INTO order_items (order_id,product_id,product_name,sku,quantity,unit_price,line_total) VALUES
  (231,2,'UltraSound Headphones','ELEC-002',1,249.99,249.99),
  (231,9,'Trail Running Shoes','SPRT-001',2,129.99,259.98),
  (231,7,'Bamboo Desk Organizer','HOME-002',2,34.99,69.98);
INSERT INTO payments (order_id,gateway,method,status,amount,currency,card_brand,card_last4,processed_at) VALUES
  (231,'stripe','paypal','captured',630.7,'USD',NULL,NULL,'2023-09-13 00:00:00');
INSERT INTO orders (order_id,order_number,customer_id,status,subtotal,discount_amount,shipping_cost,tax_amount,order_total,coupon_code,shipping_method,ip_address,created_at) VALUES
  (232,'ORD-2024-00232',57,'delivered',4434.93,15,0.0,386.74,4806.67,'FLAT15','standard','127.0.0.1','2024-06-27 00:00:00');
INSERT INTO order_items (order_id,product_id,product_name,sku,quantity,unit_price,line_total) VALUES
  (232,10,'Vitamin C Serum 30ml','BEAU-001',3,44.99,134.97),
  (232,1,'ProBook Laptop 15"','ELEC-001',3,1299.99,3899.97),
  (232,3,'SmartWatch Series X','ELEC-003',1,399.99,399.99);
INSERT INTO payments (order_id,gateway,method,status,amount,currency,card_brand,card_last4,processed_at) VALUES
  (232,'stripe','wallet','captured',4806.67,'USD',NULL,NULL,'2024-06-27 00:00:00');
INSERT INTO orders (order_id,order_number,customer_id,status,subtotal,discount_amount,shipping_cost,tax_amount,order_total,coupon_code,shipping_method,ip_address,created_at) VALUES
  (233,'ORD-2024-00233',30,'processing',327.94,0.0,0.0,28.69,356.63,NULL,'standard','127.0.0.1','2024-11-13 00:00:00');
INSERT INTO order_items (order_id,product_id,product_name,sku,quantity,unit_price,line_total) VALUES
  (233,9,'Trail Running Shoes','SPRT-001',1,129.99,129.99),
  (233,7,'Bamboo Desk Organizer','HOME-002',2,34.99,69.98),
  (233,8,'Clean Code','BOOK-001',2,38.99,77.98),
  (233,5,'Slim Fit Chinos','CLTH-002',1,49.99,49.99);
INSERT INTO payments (order_id,gateway,method,status,amount,currency,card_brand,card_last4,processed_at) VALUES
  (233,'stripe','card','captured',356.63,'USD','mastercard','2970','2024-11-13 00:00:00');
INSERT INTO orders (order_id,order_number,customer_id,status,subtotal,discount_amount,shipping_cost,tax_amount,order_total,coupon_code,shipping_method,ip_address,created_at) VALUES
  (234,'ORD-2024-00234',58,'cancelled',104.98,0.0,0.0,9.19,114.17,NULL,'standard','127.0.0.1','2024-01-23 00:00:00');
INSERT INTO order_items (order_id,product_id,product_name,sku,quantity,unit_price,line_total) VALUES
  (234,4,'Classic Oxford Shirt','CLTH-001',1,59.99,59.99),
  (234,10,'Vitamin C Serum 30ml','BEAU-001',1,44.99,44.99);
INSERT INTO payments (order_id,gateway,method,status,amount,currency,card_brand,card_last4,processed_at) VALUES
  (234,'stripe','paypal','captured',114.17,'USD',NULL,NULL,'2024-01-23 00:00:00');
INSERT INTO orders (order_id,order_number,customer_id,status,subtotal,discount_amount,shipping_cost,tax_amount,order_total,coupon_code,shipping_method,ip_address,created_at) VALUES
  (235,'ORD-2024-00235',26,'shipped',1909.93,0.0,0.0,167.12,2077.05,NULL,'standard','127.0.0.1','2024-05-11 00:00:00');
INSERT INTO order_items (order_id,product_id,product_name,sku,quantity,unit_price,line_total) VALUES
  (235,6,'Ergonomic Office Chair','HOME-001',2,449.99,899.98),
  (235,2,'UltraSound Headphones','ELEC-002',3,249.99,749.97),
  (235,9,'Trail Running Shoes','SPRT-001',2,129.99,259.98);
INSERT INTO payments (order_id,gateway,method,status,amount,currency,card_brand,card_last4,processed_at) VALUES
  (235,'stripe','card','captured',2077.05,'USD','discover','1202','2024-05-11 00:00:00');
INSERT INTO orders (order_id,order_number,customer_id,status,subtotal,discount_amount,shipping_cost,tax_amount,order_total,coupon_code,shipping_method,ip_address,created_at) VALUES
  (236,'ORD-2023-00236',80,'delivered',2099.9,0.0,0.0,183.74,2283.64,NULL,'standard','127.0.0.1','2023-11-10 00:00:00');
INSERT INTO order_items (order_id,product_id,product_name,sku,quantity,unit_price,line_total) VALUES
  (236,2,'UltraSound Headphones','ELEC-002',3,249.99,749.97),
  (236,7,'Bamboo Desk Organizer','HOME-002',3,34.99,104.97),
  (236,3,'SmartWatch Series X','ELEC-003',3,399.99,1199.97),
  (236,10,'Vitamin C Serum 30ml','BEAU-001',1,44.99,44.99);
INSERT INTO payments (order_id,gateway,method,status,amount,currency,card_brand,card_last4,processed_at) VALUES
  (236,'stripe','wallet','captured',2283.64,'USD',NULL,NULL,'2023-11-10 00:00:00');
INSERT INTO orders (order_id,order_number,customer_id,status,subtotal,discount_amount,shipping_cost,tax_amount,order_total,coupon_code,shipping_method,ip_address,created_at) VALUES
  (237,'ORD-2023-00237',69,'delivered',333.96,0.0,0.0,29.22,363.18,NULL,'standard','127.0.0.1','2023-07-23 00:00:00');
INSERT INTO order_items (order_id,product_id,product_name,sku,quantity,unit_price,line_total) VALUES
  (237,7,'Bamboo Desk Organizer','HOME-002',1,34.99,34.99),
  (237,8,'Clean Code','BOOK-001',1,38.99,38.99),
  (237,9,'Trail Running Shoes','SPRT-001',2,129.99,259.98);
INSERT INTO payments (order_id,gateway,method,status,amount,currency,card_brand,card_last4,processed_at) VALUES
  (237,'stripe','wallet','captured',363.18,'USD',NULL,NULL,'2023-07-23 00:00:00');
INSERT INTO orders (order_id,order_number,customer_id,status,subtotal,discount_amount,shipping_cost,tax_amount,order_total,coupon_code,shipping_method,ip_address,created_at) VALUES
  (238,'ORD-2023-00238',52,'delivered',2758.95,0.0,0.0,241.41,3000.36,NULL,'standard','127.0.0.1','2023-04-28 00:00:00');
INSERT INTO order_items (order_id,product_id,product_name,sku,quantity,unit_price,line_total) VALUES
  (238,4,'Classic Oxford Shirt','CLTH-001',2,59.99,119.98),
  (238,1,'ProBook Laptop 15"','ELEC-001',2,1299.99,2599.98),
  (238,8,'Clean Code','BOOK-001',1,38.99,38.99);
INSERT INTO payments (order_id,gateway,method,status,amount,currency,card_brand,card_last4,processed_at) VALUES
  (238,'stripe','card','captured',3000.36,'USD','amex','5593','2023-04-28 00:00:00');
INSERT INTO orders (order_id,order_number,customer_id,status,subtotal,discount_amount,shipping_cost,tax_amount,order_total,coupon_code,shipping_method,ip_address,created_at) VALUES
  (239,'ORD-2023-00239',13,'shipped',1694.93,0.0,0.0,148.31,1843.24,'FREESHIP','standard','127.0.0.1','2023-11-03 00:00:00');
INSERT INTO order_items (order_id,product_id,product_name,sku,quantity,unit_price,line_total) VALUES
  (239,6,'Ergonomic Office Chair','HOME-001',3,449.99,1349.97),
  (239,5,'Slim Fit Chinos','CLTH-002',1,49.99,49.99),
  (239,7,'Bamboo Desk Organizer','HOME-002',1,34.99,34.99),
  (239,9,'Trail Running Shoes','SPRT-001',2,129.99,259.98);
INSERT INTO payments (order_id,gateway,method,status,amount,currency,card_brand,card_last4,processed_at) VALUES
  (239,'stripe','paypal','captured',1843.24,'USD',NULL,NULL,'2023-11-03 00:00:00');
INSERT INTO orders (order_id,order_number,customer_id,status,subtotal,discount_amount,shipping_cost,tax_amount,order_total,coupon_code,shipping_method,ip_address,created_at) VALUES
  (240,'ORD-2023-00240',48,'delivered',899.94,0.0,0.0,78.74,978.68,NULL,'standard','127.0.0.1','2023-12-29 00:00:00');
INSERT INTO order_items (order_id,product_id,product_name,sku,quantity,unit_price,line_total) VALUES
  (240,2,'UltraSound Headphones','ELEC-002',3,249.99,749.97),
  (240,5,'Slim Fit Chinos','CLTH-002',3,49.99,149.97);
INSERT INTO payments (order_id,gateway,method,status,amount,currency,card_brand,card_last4,processed_at) VALUES
  (240,'stripe','wallet','captured',978.68,'USD',NULL,NULL,'2023-12-29 00:00:00');
INSERT INTO orders (order_id,order_number,customer_id,status,subtotal,discount_amount,shipping_cost,tax_amount,order_total,coupon_code,shipping_method,ip_address,created_at) VALUES
  (241,'ORD-2023-00241',23,'delivered',1419.97,15,0.0,122.93,1527.9,'FLAT15','standard','127.0.0.1','2023-06-30 00:00:00');
INSERT INTO order_items (order_id,product_id,product_name,sku,quantity,unit_price,line_total) VALUES
  (241,1,'ProBook Laptop 15"','ELEC-001',1,1299.99,1299.99),
  (241,4,'Classic Oxford Shirt','CLTH-001',2,59.99,119.98);
INSERT INTO payments (order_id,gateway,method,status,amount,currency,card_brand,card_last4,processed_at) VALUES
  (241,'stripe','card','captured',1527.9,'USD','amex','7035','2023-06-30 00:00:00');
INSERT INTO orders (order_id,order_number,customer_id,status,subtotal,discount_amount,shipping_cost,tax_amount,order_total,coupon_code,shipping_method,ip_address,created_at) VALUES
  (242,'ORD-2024-00242',51,'delivered',119.98,0.0,0.0,10.5,130.48,NULL,'standard','127.0.0.1','2024-04-17 00:00:00');
INSERT INTO order_items (order_id,product_id,product_name,sku,quantity,unit_price,line_total) VALUES
  (242,4,'Classic Oxford Shirt','CLTH-001',2,59.99,119.98);
INSERT INTO payments (order_id,gateway,method,status,amount,currency,card_brand,card_last4,processed_at) VALUES
  (242,'stripe','paypal','captured',130.48,'USD',NULL,NULL,'2024-04-17 00:00:00');
INSERT INTO orders (order_id,order_number,customer_id,status,subtotal,discount_amount,shipping_cost,tax_amount,order_total,coupon_code,shipping_method,ip_address,created_at) VALUES
  (243,'ORD-2024-00243',76,'delivered',349.97,0.0,0.0,30.62,380.59,NULL,'standard','127.0.0.1','2024-08-23 00:00:00');
INSERT INTO order_items (order_id,product_id,product_name,sku,quantity,unit_price,line_total) VALUES
  (243,5,'Slim Fit Chinos','CLTH-002',2,49.99,99.98),
  (243,2,'UltraSound Headphones','ELEC-002',1,249.99,249.99);
INSERT INTO payments (order_id,gateway,method,status,amount,currency,card_brand,card_last4,processed_at) VALUES
  (243,'stripe','card','captured',380.59,'USD','mastercard','4626','2024-08-23 00:00:00');
INSERT INTO orders (order_id,order_number,customer_id,status,subtotal,discount_amount,shipping_cost,tax_amount,order_total,coupon_code,shipping_method,ip_address,created_at) VALUES
  (244,'ORD-2023-00244',27,'delivered',2599.98,0.0,0.0,227.5,2827.48,NULL,'standard','127.0.0.1','2023-05-20 00:00:00');
INSERT INTO order_items (order_id,product_id,product_name,sku,quantity,unit_price,line_total) VALUES
  (244,1,'ProBook Laptop 15"','ELEC-001',2,1299.99,2599.98);
INSERT INTO payments (order_id,gateway,method,status,amount,currency,card_brand,card_last4,processed_at) VALUES
  (244,'stripe','card','captured',2827.48,'USD','visa','4666','2023-05-20 00:00:00');
INSERT INTO orders (order_id,order_number,customer_id,status,subtotal,discount_amount,shipping_cost,tax_amount,order_total,coupon_code,shipping_method,ip_address,created_at) VALUES
  (245,'ORD-2024-00245',40,'cancelled',609.95,0.0,0.0,53.37,663.32,NULL,'standard','127.0.0.1','2024-05-22 00:00:00');
INSERT INTO order_items (order_id,product_id,product_name,sku,quantity,unit_price,line_total) VALUES
  (245,7,'Bamboo Desk Organizer','HOME-002',2,34.99,69.98),
  (245,10,'Vitamin C Serum 30ml','BEAU-001',2,44.99,89.98),
  (245,6,'Ergonomic Office Chair','HOME-001',1,449.99,449.99);
INSERT INTO payments (order_id,gateway,method,status,amount,currency,card_brand,card_last4,processed_at) VALUES
  (245,'stripe','wallet','captured',663.32,'USD',NULL,NULL,'2024-05-22 00:00:00');
INSERT INTO orders (order_id,order_number,customer_id,status,subtotal,discount_amount,shipping_cost,tax_amount,order_total,coupon_code,shipping_method,ip_address,created_at) VALUES
  (246,'ORD-2023-00246',80,'delivered',389.97,0.0,0.0,34.12,424.09,NULL,'standard','127.0.0.1','2023-08-05 00:00:00');
INSERT INTO order_items (order_id,product_id,product_name,sku,quantity,unit_price,line_total) VALUES
  (246,9,'Trail Running Shoes','SPRT-001',3,129.99,389.97);
INSERT INTO payments (order_id,gateway,method,status,amount,currency,card_brand,card_last4,processed_at) VALUES
  (246,'stripe','card','captured',424.09,'USD','amex','5890','2023-08-05 00:00:00');
INSERT INTO orders (order_id,order_number,customer_id,status,subtotal,discount_amount,shipping_cost,tax_amount,order_total,coupon_code,shipping_method,ip_address,created_at) VALUES
  (247,'ORD-2023-00247',62,'delivered',1889.91,0.0,0.0,165.37,2055.28,NULL,'standard','127.0.0.1','2023-11-05 00:00:00');
INSERT INTO order_items (order_id,product_id,product_name,sku,quantity,unit_price,line_total) VALUES
  (247,6,'Ergonomic Office Chair','HOME-001',3,449.99,1349.97),
  (247,5,'Slim Fit Chinos','CLTH-002',3,49.99,149.97),
  (247,9,'Trail Running Shoes','SPRT-001',3,129.99,389.97);
INSERT INTO payments (order_id,gateway,method,status,amount,currency,card_brand,card_last4,processed_at) VALUES
  (247,'stripe','card','captured',2055.28,'USD','mastercard','1930','2023-11-05 00:00:00');
INSERT INTO orders (order_id,order_number,customer_id,status,subtotal,discount_amount,shipping_cost,tax_amount,order_total,coupon_code,shipping_method,ip_address,created_at) VALUES
  (248,'ORD-2024-00248',41,'shipped',77.98,0.0,0.0,6.82,84.8,NULL,'standard','127.0.0.1','2024-10-03 00:00:00');
INSERT INTO order_items (order_id,product_id,product_name,sku,quantity,unit_price,line_total) VALUES
  (248,8,'Clean Code','BOOK-001',2,38.99,77.98);
INSERT INTO payments (order_id,gateway,method,status,amount,currency,card_brand,card_last4,processed_at) VALUES
  (248,'stripe','paypal','captured',84.8,'USD',NULL,NULL,'2024-10-03 00:00:00');
INSERT INTO orders (order_id,order_number,customer_id,status,subtotal,discount_amount,shipping_cost,tax_amount,order_total,coupon_code,shipping_method,ip_address,created_at) VALUES
  (249,'ORD-2024-00249',50,'confirmed',1529.94,0.0,0.0,133.87,1663.81,NULL,'standard','127.0.0.1','2024-04-07 00:00:00');
INSERT INTO order_items (order_id,product_id,product_name,sku,quantity,unit_price,line_total) VALUES
  (249,6,'Ergonomic Office Chair','HOME-001',3,449.99,1349.97),
  (249,4,'Classic Oxford Shirt','CLTH-001',3,59.99,179.97);
INSERT INTO payments (order_id,gateway,method,status,amount,currency,card_brand,card_last4,processed_at) VALUES
  (249,'stripe','paypal','captured',1663.81,'USD',NULL,NULL,'2024-04-07 00:00:00');
INSERT INTO orders (order_id,order_number,customer_id,status,subtotal,discount_amount,shipping_cost,tax_amount,order_total,coupon_code,shipping_method,ip_address,created_at) VALUES
  (250,'ORD-2024-00250',46,'delivered',659.97,0.0,0.0,57.75,717.72,NULL,'standard','127.0.0.1','2024-05-04 00:00:00');
INSERT INTO order_items (order_id,product_id,product_name,sku,quantity,unit_price,line_total) VALUES
  (250,9,'Trail Running Shoes','SPRT-001',2,129.99,259.98),
  (250,3,'SmartWatch Series X','ELEC-003',1,399.99,399.99);
INSERT INTO payments (order_id,gateway,method,status,amount,currency,card_brand,card_last4,processed_at) VALUES
  (250,'stripe','card','captured',717.72,'USD','mastercard','6499','2024-05-04 00:00:00');
INSERT INTO orders (order_id,order_number,customer_id,status,subtotal,discount_amount,shipping_cost,tax_amount,order_total,coupon_code,shipping_method,ip_address,created_at) VALUES
  (251,'ORD-2023-00251',29,'shipped',1679.93,0.0,0.0,146.99,1826.92,NULL,'standard','127.0.0.1','2023-10-11 00:00:00');
INSERT INTO order_items (order_id,product_id,product_name,sku,quantity,unit_price,line_total) VALUES
  (251,7,'Bamboo Desk Organizer','HOME-002',2,34.99,69.98),
  (251,6,'Ergonomic Office Chair','HOME-001',3,449.99,1349.97),
  (251,9,'Trail Running Shoes','SPRT-001',2,129.99,259.98);
INSERT INTO payments (order_id,gateway,method,status,amount,currency,card_brand,card_last4,processed_at) VALUES
  (251,'stripe','card','captured',1826.92,'USD','discover','1879','2023-10-11 00:00:00');
INSERT INTO orders (order_id,order_number,customer_id,status,subtotal,discount_amount,shipping_cost,tax_amount,order_total,coupon_code,shipping_method,ip_address,created_at) VALUES
  (252,'ORD-2024-00252',75,'cancelled',38.99,0.0,5.99,3.41,48.39,NULL,'standard','127.0.0.1','2024-02-10 00:00:00');
INSERT INTO order_items (order_id,product_id,product_name,sku,quantity,unit_price,line_total) VALUES
  (252,8,'Clean Code','BOOK-001',1,38.99,38.99);
INSERT INTO payments (order_id,gateway,method,status,amount,currency,card_brand,card_last4,processed_at) VALUES
  (252,'stripe','paypal','captured',48.39,'USD',NULL,NULL,'2024-02-10 00:00:00');
INSERT INTO orders (order_id,order_number,customer_id,status,subtotal,discount_amount,shipping_cost,tax_amount,order_total,coupon_code,shipping_method,ip_address,created_at) VALUES
  (253,'ORD-2024-00253',68,'delivered',919.96,0.0,0.0,80.5,1000.46,NULL,'standard','127.0.0.1','2024-05-19 00:00:00');
INSERT INTO order_items (order_id,product_id,product_name,sku,quantity,unit_price,line_total) VALUES
  (253,3,'SmartWatch Series X','ELEC-003',2,399.99,799.98),
  (253,4,'Classic Oxford Shirt','CLTH-001',2,59.99,119.98);
INSERT INTO payments (order_id,gateway,method,status,amount,currency,card_brand,card_last4,processed_at) VALUES
  (253,'stripe','paypal','captured',1000.46,'USD',NULL,NULL,'2024-05-19 00:00:00');
INSERT INTO orders (order_id,order_number,customer_id,status,subtotal,discount_amount,shipping_cost,tax_amount,order_total,coupon_code,shipping_method,ip_address,created_at) VALUES
  (254,'ORD-2024-00254',24,'processing',3899.95,779.99,0.0,273.0,3392.96,'SAVE20','standard','127.0.0.1','2024-12-05 00:00:00');
INSERT INTO order_items (order_id,product_id,product_name,sku,quantity,unit_price,line_total) VALUES
  (254,3,'SmartWatch Series X','ELEC-003',1,399.99,399.99),
  (254,6,'Ergonomic Office Chair','HOME-001',2,449.99,899.98),
  (254,1,'ProBook Laptop 15"','ELEC-001',2,1299.99,2599.98);
INSERT INTO payments (order_id,gateway,method,status,amount,currency,card_brand,card_last4,processed_at) VALUES
  (254,'stripe','wallet','captured',3392.96,'USD',NULL,NULL,'2024-12-05 00:00:00');
INSERT INTO orders (order_id,order_number,customer_id,status,subtotal,discount_amount,shipping_cost,tax_amount,order_total,coupon_code,shipping_method,ip_address,created_at) VALUES
  (255,'ORD-2024-00255',21,'delivered',1199.97,0.0,0.0,105.0,1304.97,NULL,'standard','127.0.0.1','2024-07-03 00:00:00');
INSERT INTO order_items (order_id,product_id,product_name,sku,quantity,unit_price,line_total) VALUES
  (255,3,'SmartWatch Series X','ELEC-003',3,399.99,1199.97);
INSERT INTO payments (order_id,gateway,method,status,amount,currency,card_brand,card_last4,processed_at) VALUES
  (255,'stripe','paypal','captured',1304.97,'USD',NULL,NULL,'2024-07-03 00:00:00');
INSERT INTO orders (order_id,order_number,customer_id,status,subtotal,discount_amount,shipping_cost,tax_amount,order_total,coupon_code,shipping_method,ip_address,created_at) VALUES
  (256,'ORD-2024-00256',62,'confirmed',4799.95,480.0,0.0,378.0,4697.95,'SAVE10','standard','127.0.0.1','2024-04-17 00:00:00');
INSERT INTO order_items (order_id,product_id,product_name,sku,quantity,unit_price,line_total) VALUES
  (256,6,'Ergonomic Office Chair','HOME-001',2,449.99,899.98),
  (256,1,'ProBook Laptop 15"','ELEC-001',3,1299.99,3899.97);
INSERT INTO payments (order_id,gateway,method,status,amount,currency,card_brand,card_last4,processed_at) VALUES
  (256,'stripe','card','captured',4697.95,'USD','mastercard','6641','2024-04-17 00:00:00');
INSERT INTO orders (order_id,order_number,customer_id,status,subtotal,discount_amount,shipping_cost,tax_amount,order_total,coupon_code,shipping_method,ip_address,created_at) VALUES
  (257,'ORD-2023-00257',40,'processing',3899.94,0.0,0.0,341.24,4241.18,NULL,'standard','127.0.0.1','2023-07-29 00:00:00');
INSERT INTO order_items (order_id,product_id,product_name,sku,quantity,unit_price,line_total) VALUES
  (257,3,'SmartWatch Series X','ELEC-003',2,399.99,799.98),
  (257,2,'UltraSound Headphones','ELEC-002',2,249.99,499.98),
  (257,1,'ProBook Laptop 15"','ELEC-001',2,1299.99,2599.98);
INSERT INTO payments (order_id,gateway,method,status,amount,currency,card_brand,card_last4,processed_at) VALUES
  (257,'stripe','wallet','captured',4241.18,'USD',NULL,NULL,'2023-07-29 00:00:00');
INSERT INTO orders (order_id,order_number,customer_id,status,subtotal,discount_amount,shipping_cost,tax_amount,order_total,coupon_code,shipping_method,ip_address,created_at) VALUES
  (258,'ORD-2024-00258',68,'delivered',938.97,0.0,0.0,82.16,1021.13,'FREESHIP','standard','127.0.0.1','2024-06-08 00:00:00');
INSERT INTO order_items (order_id,product_id,product_name,sku,quantity,unit_price,line_total) VALUES
  (258,6,'Ergonomic Office Chair','HOME-001',2,449.99,899.98),
  (258,8,'Clean Code','BOOK-001',1,38.99,38.99);
INSERT INTO payments (order_id,gateway,method,status,amount,currency,card_brand,card_last4,processed_at) VALUES
  (258,'stripe','card','captured',1021.13,'USD','mastercard','4675','2024-06-08 00:00:00');
INSERT INTO orders (order_id,order_number,customer_id,status,subtotal,discount_amount,shipping_cost,tax_amount,order_total,coupon_code,shipping_method,ip_address,created_at) VALUES
  (259,'ORD-2024-00259',28,'confirmed',2099.94,0.0,0.0,183.74,2283.68,NULL,'standard','127.0.0.1','2024-03-06 00:00:00');
INSERT INTO order_items (order_id,product_id,product_name,sku,quantity,unit_price,line_total) VALUES
  (259,2,'UltraSound Headphones','ELEC-002',3,249.99,749.97),
  (259,6,'Ergonomic Office Chair','HOME-001',3,449.99,1349.97);
INSERT INTO payments (order_id,gateway,method,status,amount,currency,card_brand,card_last4,processed_at) VALUES
  (259,'stripe','paypal','captured',2283.68,'USD',NULL,NULL,'2024-03-06 00:00:00');
INSERT INTO orders (order_id,order_number,customer_id,status,subtotal,discount_amount,shipping_cost,tax_amount,order_total,coupon_code,shipping_method,ip_address,created_at) VALUES
  (260,'ORD-2024-00260',33,'delivered',749.97,0.0,0.0,65.62,815.59,NULL,'standard','127.0.0.1','2024-12-13 00:00:00');
INSERT INTO order_items (order_id,product_id,product_name,sku,quantity,unit_price,line_total) VALUES
  (260,2,'UltraSound Headphones','ELEC-002',3,249.99,749.97);
INSERT INTO payments (order_id,gateway,method,status,amount,currency,card_brand,card_last4,processed_at) VALUES
  (260,'stripe','card','captured',815.59,'USD','visa','7828','2024-12-13 00:00:00');
INSERT INTO orders (order_id,order_number,customer_id,status,subtotal,discount_amount,shipping_cost,tax_amount,order_total,coupon_code,shipping_method,ip_address,created_at) VALUES
  (261,'ORD-2024-00261',16,'shipped',2719.96,0.0,0.0,238.0,2957.96,NULL,'standard','127.0.0.1','2024-08-31 00:00:00');
INSERT INTO order_items (order_id,product_id,product_name,sku,quantity,unit_price,line_total) VALUES
  (261,4,'Classic Oxford Shirt','CLTH-001',2,59.99,119.98),
  (261,1,'ProBook Laptop 15"','ELEC-001',2,1299.99,2599.98);
INSERT INTO payments (order_id,gateway,method,status,amount,currency,card_brand,card_last4,processed_at) VALUES
  (261,'stripe','wallet','captured',2957.96,'USD',NULL,NULL,'2024-08-31 00:00:00');
INSERT INTO orders (order_id,order_number,customer_id,status,subtotal,discount_amount,shipping_cost,tax_amount,order_total,coupon_code,shipping_method,ip_address,created_at) VALUES
  (262,'ORD-2023-00262',80,'delivered',869.95,0.0,0.0,76.12,946.07,NULL,'standard','127.0.0.1','2023-11-20 00:00:00');
INSERT INTO order_items (order_id,product_id,product_name,sku,quantity,unit_price,line_total) VALUES
  (262,2,'UltraSound Headphones','ELEC-002',1,249.99,249.99),
  (262,9,'Trail Running Shoes','SPRT-001',1,129.99,129.99),
  (262,10,'Vitamin C Serum 30ml','BEAU-001',2,44.99,89.98),
  (262,3,'SmartWatch Series X','ELEC-003',1,399.99,399.99);
INSERT INTO payments (order_id,gateway,method,status,amount,currency,card_brand,card_last4,processed_at) VALUES
  (262,'stripe','card','captured',946.07,'USD','mastercard','6864','2023-11-20 00:00:00');
INSERT INTO orders (order_id,order_number,customer_id,status,subtotal,discount_amount,shipping_cost,tax_amount,order_total,coupon_code,shipping_method,ip_address,created_at) VALUES
  (263,'ORD-2023-00263',38,'confirmed',1698.94,0.0,0.0,148.66,1847.6,NULL,'standard','127.0.0.1','2023-07-15 00:00:00');
INSERT INTO order_items (order_id,product_id,product_name,sku,quantity,unit_price,line_total) VALUES
  (263,4,'Classic Oxford Shirt','CLTH-001',1,59.99,59.99),
  (263,8,'Clean Code','BOOK-001',1,38.99,38.99),
  (263,6,'Ergonomic Office Chair','HOME-001',3,449.99,1349.97),
  (263,2,'UltraSound Headphones','ELEC-002',1,249.99,249.99);
INSERT INTO payments (order_id,gateway,method,status,amount,currency,card_brand,card_last4,processed_at) VALUES
  (263,'stripe','wallet','captured',1847.6,'USD',NULL,NULL,'2023-07-15 00:00:00');
INSERT INTO orders (order_id,order_number,customer_id,status,subtotal,discount_amount,shipping_cost,tax_amount,order_total,coupon_code,shipping_method,ip_address,created_at) VALUES
  (264,'ORD-2023-00264',64,'cancelled',499.98,0.0,0.0,43.75,543.73,NULL,'standard','127.0.0.1','2023-12-22 00:00:00');
INSERT INTO order_items (order_id,product_id,product_name,sku,quantity,unit_price,line_total) VALUES
  (264,2,'UltraSound Headphones','ELEC-002',2,249.99,499.98);
INSERT INTO payments (order_id,gateway,method,status,amount,currency,card_brand,card_last4,processed_at) VALUES
  (264,'stripe','paypal','captured',543.73,'USD',NULL,NULL,'2023-12-22 00:00:00');
INSERT INTO orders (order_id,order_number,customer_id,status,subtotal,discount_amount,shipping_cost,tax_amount,order_total,coupon_code,shipping_method,ip_address,created_at) VALUES
  (265,'ORD-2023-00265',38,'delivered',399.99,0.0,0.0,35.0,434.99,NULL,'standard','127.0.0.1','2023-09-06 00:00:00');
INSERT INTO order_items (order_id,product_id,product_name,sku,quantity,unit_price,line_total) VALUES
  (265,3,'SmartWatch Series X','ELEC-003',1,399.99,399.99);
INSERT INTO payments (order_id,gateway,method,status,amount,currency,card_brand,card_last4,processed_at) VALUES
  (265,'stripe','card','captured',434.99,'USD','amex','7979','2023-09-06 00:00:00');
INSERT INTO orders (order_id,order_number,customer_id,status,subtotal,discount_amount,shipping_cost,tax_amount,order_total,coupon_code,shipping_method,ip_address,created_at) VALUES
  (266,'ORD-2024-00266',13,'delivered',1199.97,0.0,0.0,105.0,1304.97,NULL,'standard','127.0.0.1','2024-08-01 00:00:00');
INSERT INTO order_items (order_id,product_id,product_name,sku,quantity,unit_price,line_total) VALUES
  (266,3,'SmartWatch Series X','ELEC-003',3,399.99,1199.97);
INSERT INTO payments (order_id,gateway,method,status,amount,currency,card_brand,card_last4,processed_at) VALUES
  (266,'stripe','card','captured',1304.97,'USD','amex','8171','2024-08-01 00:00:00');
INSERT INTO orders (order_id,order_number,customer_id,status,subtotal,discount_amount,shipping_cost,tax_amount,order_total,coupon_code,shipping_method,ip_address,created_at) VALUES
  (267,'ORD-2024-00267',12,'delivered',569.96,0.0,0.0,49.87,619.83,NULL,'standard','127.0.0.1','2024-01-21 00:00:00');
INSERT INTO order_items (order_id,product_id,product_name,sku,quantity,unit_price,line_total) VALUES
  (267,2,'UltraSound Headphones','ELEC-002',2,249.99,499.98),
  (267,7,'Bamboo Desk Organizer','HOME-002',2,34.99,69.98);
INSERT INTO payments (order_id,gateway,method,status,amount,currency,card_brand,card_last4,processed_at) VALUES
  (267,'stripe','paypal','captured',619.83,'USD',NULL,NULL,'2024-01-21 00:00:00');
INSERT INTO orders (order_id,order_number,customer_id,status,subtotal,discount_amount,shipping_cost,tax_amount,order_total,coupon_code,shipping_method,ip_address,created_at) VALUES
  (268,'ORD-2024-00268',54,'delivered',1949.94,389.99,0.0,136.5,1696.45,'SAVE20','standard','127.0.0.1','2024-07-31 00:00:00');
INSERT INTO order_items (order_id,product_id,product_name,sku,quantity,unit_price,line_total) VALUES
  (268,2,'UltraSound Headphones','ELEC-002',3,249.99,749.97),
  (268,3,'SmartWatch Series X','ELEC-003',3,399.99,1199.97);
INSERT INTO payments (order_id,gateway,method,status,amount,currency,card_brand,card_last4,processed_at) VALUES
  (268,'stripe','card','captured',1696.45,'USD','discover','8908','2024-07-31 00:00:00');
INSERT INTO orders (order_id,order_number,customer_id,status,subtotal,discount_amount,shipping_cost,tax_amount,order_total,coupon_code,shipping_method,ip_address,created_at) VALUES
  (269,'ORD-2024-00269',57,'delivered',3089.95,0.0,0.0,270.37,3360.32,NULL,'standard','127.0.0.1','2024-02-02 00:00:00');
INSERT INTO order_items (order_id,product_id,product_name,sku,quantity,unit_price,line_total) VALUES
  (269,10,'Vitamin C Serum 30ml','BEAU-001',2,44.99,89.98),
  (269,1,'ProBook Laptop 15"','ELEC-001',2,1299.99,2599.98),
  (269,3,'SmartWatch Series X','ELEC-003',1,399.99,399.99);
INSERT INTO payments (order_id,gateway,method,status,amount,currency,card_brand,card_last4,processed_at) VALUES
  (269,'stripe','paypal','captured',3360.32,'USD',NULL,NULL,'2024-02-02 00:00:00');
INSERT INTO orders (order_id,order_number,customer_id,status,subtotal,discount_amount,shipping_cost,tax_amount,order_total,coupon_code,shipping_method,ip_address,created_at) VALUES
  (270,'ORD-2024-00270',34,'delivered',1739.94,0.0,0.0,152.24,1892.18,NULL,'standard','127.0.0.1','2024-02-25 00:00:00');
INSERT INTO order_items (order_id,product_id,product_name,sku,quantity,unit_price,line_total) VALUES
  (270,6,'Ergonomic Office Chair','HOME-001',3,449.99,1349.97),
  (270,9,'Trail Running Shoes','SPRT-001',3,129.99,389.97);
INSERT INTO payments (order_id,gateway,method,status,amount,currency,card_brand,card_last4,processed_at) VALUES
  (270,'stripe','card','captured',1892.18,'USD','discover','5072','2024-02-25 00:00:00');
INSERT INTO orders (order_id,order_number,customer_id,status,subtotal,discount_amount,shipping_cost,tax_amount,order_total,coupon_code,shipping_method,ip_address,created_at) VALUES
  (271,'ORD-2023-00271',50,'delivered',3899.97,0.0,0.0,341.25,4241.22,NULL,'standard','127.0.0.1','2023-06-11 00:00:00');
INSERT INTO order_items (order_id,product_id,product_name,sku,quantity,unit_price,line_total) VALUES
  (271,1,'ProBook Laptop 15"','ELEC-001',3,1299.99,3899.97);
INSERT INTO payments (order_id,gateway,method,status,amount,currency,card_brand,card_last4,processed_at) VALUES
  (271,'stripe','wallet','captured',4241.22,'USD',NULL,NULL,'2023-06-11 00:00:00');
INSERT INTO orders (order_id,order_number,customer_id,status,subtotal,discount_amount,shipping_cost,tax_amount,order_total,coupon_code,shipping_method,ip_address,created_at) VALUES
  (272,'ORD-2023-00272',22,'delivered',1459.95,0.0,0.0,127.75,1587.7,NULL,'standard','127.0.0.1','2023-10-19 00:00:00');
INSERT INTO order_items (order_id,product_id,product_name,sku,quantity,unit_price,line_total) VALUES
  (272,4,'Classic Oxford Shirt','CLTH-001',1,59.99,59.99),
  (272,6,'Ergonomic Office Chair','HOME-001',3,449.99,1349.97),
  (272,5,'Slim Fit Chinos','CLTH-002',1,49.99,49.99);
INSERT INTO payments (order_id,gateway,method,status,amount,currency,card_brand,card_last4,processed_at) VALUES
  (272,'stripe','paypal','captured',1587.7,'USD',NULL,NULL,'2023-10-19 00:00:00');
INSERT INTO orders (order_id,order_number,customer_id,status,subtotal,discount_amount,shipping_cost,tax_amount,order_total,coupon_code,shipping_method,ip_address,created_at) VALUES
  (273,'ORD-2024-00273',11,'delivered',1917.91,0.0,0.0,167.82,2085.73,'FREESHIP','standard','127.0.0.1','2024-07-28 00:00:00');
INSERT INTO order_items (order_id,product_id,product_name,sku,quantity,unit_price,line_total) VALUES
  (273,2,'UltraSound Headphones','ELEC-002',1,249.99,249.99),
  (273,8,'Clean Code','BOOK-001',2,38.99,77.98),
  (273,9,'Trail Running Shoes','SPRT-001',3,129.99,389.97),
  (273,3,'SmartWatch Series X','ELEC-003',3,399.99,1199.97);
INSERT INTO payments (order_id,gateway,method,status,amount,currency,card_brand,card_last4,processed_at) VALUES
  (273,'stripe','paypal','captured',2085.73,'USD',NULL,NULL,'2024-07-28 00:00:00');
INSERT INTO orders (order_id,order_number,customer_id,status,subtotal,discount_amount,shipping_cost,tax_amount,order_total,coupon_code,shipping_method,ip_address,created_at) VALUES
  (274,'ORD-2024-00274',71,'delivered',644.92,0.0,0.0,56.43,701.35,NULL,'standard','127.0.0.1','2024-01-16 00:00:00');
INSERT INTO order_items (order_id,product_id,product_name,sku,quantity,unit_price,line_total) VALUES
  (274,9,'Trail Running Shoes','SPRT-001',3,129.99,389.97),
  (274,10,'Vitamin C Serum 30ml','BEAU-001',3,44.99,134.97),
  (274,4,'Classic Oxford Shirt','CLTH-001',2,59.99,119.98);
INSERT INTO payments (order_id,gateway,method,status,amount,currency,card_brand,card_last4,processed_at) VALUES
  (274,'stripe','card','captured',701.35,'USD','visa','4652','2024-01-16 00:00:00');
INSERT INTO orders (order_id,order_number,customer_id,status,subtotal,discount_amount,shipping_cost,tax_amount,order_total,coupon_code,shipping_method,ip_address,created_at) VALUES
  (275,'ORD-2024-00275',72,'delivered',4238.93,0.0,0.0,370.91,4609.84,NULL,'standard','127.0.0.1','2024-02-02 00:00:00');
INSERT INTO order_items (order_id,product_id,product_name,sku,quantity,unit_price,line_total) VALUES
  (275,6,'Ergonomic Office Chair','HOME-001',3,449.99,1349.97),
  (275,8,'Clean Code','BOOK-001',1,38.99,38.99),
  (275,2,'UltraSound Headphones','ELEC-002',1,249.99,249.99),
  (275,1,'ProBook Laptop 15"','ELEC-001',2,1299.99,2599.98);
INSERT INTO payments (order_id,gateway,method,status,amount,currency,card_brand,card_last4,processed_at) VALUES
  (275,'stripe','card','captured',4609.84,'USD','amex','2741','2024-02-02 00:00:00');
INSERT INTO orders (order_id,order_number,customer_id,status,subtotal,discount_amount,shipping_cost,tax_amount,order_total,coupon_code,shipping_method,ip_address,created_at) VALUES
  (276,'ORD-2023-00276',64,'delivered',499.94,0.0,0.0,43.74,543.68,NULL,'standard','127.0.0.1','2023-12-17 00:00:00');
INSERT INTO order_items (order_id,product_id,product_name,sku,quantity,unit_price,line_total) VALUES
  (276,2,'UltraSound Headphones','ELEC-002',1,249.99,249.99),
  (276,5,'Slim Fit Chinos','CLTH-002',2,49.99,99.98),
  (276,4,'Classic Oxford Shirt','CLTH-001',1,59.99,59.99),
  (276,10,'Vitamin C Serum 30ml','BEAU-001',2,44.99,89.98);
INSERT INTO payments (order_id,gateway,method,status,amount,currency,card_brand,card_last4,processed_at) VALUES
  (276,'stripe','card','captured',543.68,'USD','amex','2765','2023-12-17 00:00:00');
INSERT INTO orders (order_id,order_number,customer_id,status,subtotal,discount_amount,shipping_cost,tax_amount,order_total,coupon_code,shipping_method,ip_address,created_at) VALUES
  (277,'ORD-2024-00277',76,'delivered',1688.92,0.0,0.0,147.78,1836.7,NULL,'standard','127.0.0.1','2024-01-17 00:00:00');
INSERT INTO order_items (order_id,product_id,product_name,sku,quantity,unit_price,line_total) VALUES
  (277,8,'Clean Code','BOOK-001',1,38.99,38.99),
  (277,9,'Trail Running Shoes','SPRT-001',3,129.99,389.97),
  (277,3,'SmartWatch Series X','ELEC-003',3,399.99,1199.97),
  (277,4,'Classic Oxford Shirt','CLTH-001',1,59.99,59.99);
INSERT INTO payments (order_id,gateway,method,status,amount,currency,card_brand,card_last4,processed_at) VALUES
  (277,'stripe','paypal','captured',1836.7,'USD',NULL,NULL,'2024-01-17 00:00:00');
INSERT INTO orders (order_id,order_number,customer_id,status,subtotal,discount_amount,shipping_cost,tax_amount,order_total,coupon_code,shipping_method,ip_address,created_at) VALUES
  (278,'ORD-2024-00278',66,'delivered',534.96,15,0.0,45.5,565.46,'FLAT15','standard','127.0.0.1','2024-06-19 00:00:00');
INSERT INTO order_items (order_id,product_id,product_name,sku,quantity,unit_price,line_total) VALUES
  (278,10,'Vitamin C Serum 30ml','BEAU-001',3,44.99,134.97),
  (278,3,'SmartWatch Series X','ELEC-003',1,399.99,399.99);
INSERT INTO payments (order_id,gateway,method,status,amount,currency,card_brand,card_last4,processed_at) VALUES
  (278,'stripe','wallet','captured',565.46,'USD',NULL,NULL,'2024-06-19 00:00:00');
INSERT INTO orders (order_id,order_number,customer_id,status,subtotal,discount_amount,shipping_cost,tax_amount,order_total,coupon_code,shipping_method,ip_address,created_at) VALUES
  (279,'ORD-2024-00279',78,'delivered',569.96,0.0,0.0,49.87,619.83,NULL,'standard','127.0.0.1','2024-03-12 00:00:00');
INSERT INTO order_items (order_id,product_id,product_name,sku,quantity,unit_price,line_total) VALUES
  (279,7,'Bamboo Desk Organizer','HOME-002',2,34.99,69.98),
  (279,6,'Ergonomic Office Chair','HOME-001',1,449.99,449.99),
  (279,5,'Slim Fit Chinos','CLTH-002',1,49.99,49.99);
INSERT INTO payments (order_id,gateway,method,status,amount,currency,card_brand,card_last4,processed_at) VALUES
  (279,'stripe','wallet','captured',619.83,'USD',NULL,NULL,'2024-03-12 00:00:00');
INSERT INTO orders (order_id,order_number,customer_id,status,subtotal,discount_amount,shipping_cost,tax_amount,order_total,coupon_code,shipping_method,ip_address,created_at) VALUES
  (280,'ORD-2024-00280',71,'delivered',314.94,0.0,0.0,27.56,342.5,NULL,'standard','127.0.0.1','2024-06-24 00:00:00');
INSERT INTO order_items (order_id,product_id,product_name,sku,quantity,unit_price,line_total) VALUES
  (280,4,'Classic Oxford Shirt','CLTH-001',3,59.99,179.97),
  (280,10,'Vitamin C Serum 30ml','BEAU-001',3,44.99,134.97);
INSERT INTO payments (order_id,gateway,method,status,amount,currency,card_brand,card_last4,processed_at) VALUES
  (280,'stripe','card','captured',342.5,'USD','mastercard','3913','2024-06-24 00:00:00');
INSERT INTO orders (order_id,order_number,customer_id,status,subtotal,discount_amount,shipping_cost,tax_amount,order_total,coupon_code,shipping_method,ip_address,created_at) VALUES
  (281,'ORD-2024-00281',42,'processing',611.91,0.0,0.0,53.54,665.45,NULL,'standard','127.0.0.1','2024-04-06 00:00:00');
INSERT INTO order_items (order_id,product_id,product_name,sku,quantity,unit_price,line_total) VALUES
  (281,9,'Trail Running Shoes','SPRT-001',3,129.99,389.97),
  (281,8,'Clean Code','BOOK-001',3,38.99,116.97),
  (281,7,'Bamboo Desk Organizer','HOME-002',3,34.99,104.97);
INSERT INTO payments (order_id,gateway,method,status,amount,currency,card_brand,card_last4,processed_at) VALUES
  (281,'stripe','paypal','captured',665.45,'USD',NULL,NULL,'2024-04-06 00:00:00');
INSERT INTO orders (order_id,order_number,customer_id,status,subtotal,discount_amount,shipping_cost,tax_amount,order_total,coupon_code,shipping_method,ip_address,created_at) VALUES
  (282,'ORD-2024-00282',2,'processing',3109.92,0.0,0.0,272.12,3382.04,NULL,'standard','127.0.0.1','2024-07-24 00:00:00');
INSERT INTO order_items (order_id,product_id,product_name,sku,quantity,unit_price,line_total) VALUES
  (282,3,'SmartWatch Series X','ELEC-003',2,399.99,799.98),
  (282,1,'ProBook Laptop 15"','ELEC-001',1,1299.99,1299.99),
  (282,9,'Trail Running Shoes','SPRT-001',2,129.99,259.98),
  (282,2,'UltraSound Headphones','ELEC-002',3,249.99,749.97);
INSERT INTO payments (order_id,gateway,method,status,amount,currency,card_brand,card_last4,processed_at) VALUES
  (282,'stripe','card','captured',3382.04,'USD','amex','4342','2024-07-24 00:00:00');
INSERT INTO orders (order_id,order_number,customer_id,status,subtotal,discount_amount,shipping_cost,tax_amount,order_total,coupon_code,shipping_method,ip_address,created_at) VALUES
  (283,'ORD-2023-00283',70,'delivered',1709.91,0.0,0.0,149.62,1859.53,NULL,'standard','127.0.0.1','2023-01-19 00:00:00');
INSERT INTO order_items (order_id,product_id,product_name,sku,quantity,unit_price,line_total) VALUES
  (283,2,'UltraSound Headphones','ELEC-002',3,249.99,749.97),
  (283,9,'Trail Running Shoes','SPRT-001',3,129.99,389.97),
  (283,4,'Classic Oxford Shirt','CLTH-001',2,59.99,119.98),
  (283,6,'Ergonomic Office Chair','HOME-001',1,449.99,449.99);
INSERT INTO payments (order_id,gateway,method,status,amount,currency,card_brand,card_last4,processed_at) VALUES
  (283,'stripe','card','captured',1859.53,'USD','visa','7251','2023-01-19 00:00:00');
INSERT INTO orders (order_id,order_number,customer_id,status,subtotal,discount_amount,shipping_cost,tax_amount,order_total,coupon_code,shipping_method,ip_address,created_at) VALUES
  (284,'ORD-2024-00284',41,'processing',431.91,0.0,0.0,37.79,469.7,NULL,'standard','127.0.0.1','2024-07-29 00:00:00');
INSERT INTO order_items (order_id,product_id,product_name,sku,quantity,unit_price,line_total) VALUES
  (284,4,'Classic Oxford Shirt','CLTH-001',3,59.99,179.97),
  (284,8,'Clean Code','BOOK-001',3,38.99,116.97),
  (284,10,'Vitamin C Serum 30ml','BEAU-001',3,44.99,134.97);
INSERT INTO payments (order_id,gateway,method,status,amount,currency,card_brand,card_last4,processed_at) VALUES
  (284,'stripe','wallet','captured',469.7,'USD',NULL,NULL,'2024-07-29 00:00:00');
INSERT INTO orders (order_id,order_number,customer_id,status,subtotal,discount_amount,shipping_cost,tax_amount,order_total,coupon_code,shipping_method,ip_address,created_at) VALUES
  (285,'ORD-2024-00285',70,'delivered',166.96,33.39,0.0,11.69,145.26,'SAVE20','standard','127.0.0.1','2024-01-16 00:00:00');
INSERT INTO order_items (order_id,product_id,product_name,sku,quantity,unit_price,line_total) VALUES
  (285,5,'Slim Fit Chinos','CLTH-002',1,49.99,49.99),
  (285,8,'Clean Code','BOOK-001',3,38.99,116.97);
INSERT INTO payments (order_id,gateway,method,status,amount,currency,card_brand,card_last4,processed_at) VALUES
  (285,'stripe','wallet','captured',145.26,'USD',NULL,NULL,'2024-01-16 00:00:00');
INSERT INTO orders (order_id,order_number,customer_id,status,subtotal,discount_amount,shipping_cost,tax_amount,order_total,coupon_code,shipping_method,ip_address,created_at) VALUES
  (286,'ORD-2024-00286',6,'delivered',589.95,0.0,0.0,51.62,641.57,NULL,'standard','127.0.0.1','2024-03-12 00:00:00');
INSERT INTO order_items (order_id,product_id,product_name,sku,quantity,unit_price,line_total) VALUES
  (286,3,'SmartWatch Series X','ELEC-003',1,399.99,399.99),
  (286,10,'Vitamin C Serum 30ml','BEAU-001',2,44.99,89.98),
  (286,5,'Slim Fit Chinos','CLTH-002',2,49.99,99.98);
INSERT INTO payments (order_id,gateway,method,status,amount,currency,card_brand,card_last4,processed_at) VALUES
  (286,'stripe','card','captured',641.57,'USD','visa','3518','2024-03-12 00:00:00');
INSERT INTO orders (order_id,order_number,customer_id,status,subtotal,discount_amount,shipping_cost,tax_amount,order_total,coupon_code,shipping_method,ip_address,created_at) VALUES
  (287,'ORD-2024-00287',7,'delivered',1328.94,0.0,0.0,116.28,1445.22,NULL,'standard','127.0.0.1','2024-03-25 00:00:00');
INSERT INTO order_items (order_id,product_id,product_name,sku,quantity,unit_price,line_total) VALUES
  (287,8,'Clean Code','BOOK-001',1,38.99,38.99),
  (287,9,'Trail Running Shoes','SPRT-001',3,129.99,389.97),
  (287,6,'Ergonomic Office Chair','HOME-001',2,449.99,899.98);
INSERT INTO payments (order_id,gateway,method,status,amount,currency,card_brand,card_last4,processed_at) VALUES
  (287,'stripe','card','captured',1445.22,'USD','visa','9276','2024-03-25 00:00:00');
INSERT INTO orders (order_id,order_number,customer_id,status,subtotal,discount_amount,shipping_cost,tax_amount,order_total,coupon_code,shipping_method,ip_address,created_at) VALUES
  (288,'ORD-2023-00288',70,'delivered',1109.94,0.0,0.0,97.12,1207.06,'FREESHIP','standard','127.0.0.1','2023-10-04 00:00:00');
INSERT INTO order_items (order_id,product_id,product_name,sku,quantity,unit_price,line_total) VALUES
  (288,4,'Classic Oxford Shirt','CLTH-001',2,59.99,119.98),
  (288,10,'Vitamin C Serum 30ml','BEAU-001',2,44.99,89.98),
  (288,6,'Ergonomic Office Chair','HOME-001',2,449.99,899.98);
INSERT INTO payments (order_id,gateway,method,status,amount,currency,card_brand,card_last4,processed_at) VALUES
  (288,'stripe','wallet','captured',1207.06,'USD',NULL,NULL,'2023-10-04 00:00:00');
INSERT INTO orders (order_id,order_number,customer_id,status,subtotal,discount_amount,shipping_cost,tax_amount,order_total,coupon_code,shipping_method,ip_address,created_at) VALUES
  (289,'ORD-2024-00289',15,'delivered',224.96,0.0,0.0,19.68,244.64,NULL,'standard','127.0.0.1','2024-12-17 00:00:00');
INSERT INTO order_items (order_id,product_id,product_name,sku,quantity,unit_price,line_total) VALUES
  (289,10,'Vitamin C Serum 30ml','BEAU-001',1,44.99,44.99),
  (289,4,'Classic Oxford Shirt','CLTH-001',3,59.99,179.97);
INSERT INTO payments (order_id,gateway,method,status,amount,currency,card_brand,card_last4,processed_at) VALUES
  (289,'stripe','paypal','captured',244.64,'USD',NULL,NULL,'2024-12-17 00:00:00');
INSERT INTO orders (order_id,order_number,customer_id,status,subtotal,discount_amount,shipping_cost,tax_amount,order_total,coupon_code,shipping_method,ip_address,created_at) VALUES
  (290,'ORD-2024-00290',33,'delivered',259.98,0.0,0.0,22.75,282.73,NULL,'standard','127.0.0.1','2024-10-28 00:00:00');
INSERT INTO order_items (order_id,product_id,product_name,sku,quantity,unit_price,line_total) VALUES
  (290,9,'Trail Running Shoes','SPRT-001',2,129.99,259.98);
INSERT INTO payments (order_id,gateway,method,status,amount,currency,card_brand,card_last4,processed_at) VALUES
  (290,'stripe','wallet','captured',282.73,'USD',NULL,NULL,'2024-10-28 00:00:00');
INSERT INTO orders (order_id,order_number,customer_id,status,subtotal,discount_amount,shipping_cost,tax_amount,order_total,coupon_code,shipping_method,ip_address,created_at) VALUES
  (291,'ORD-2024-00291',6,'delivered',579.98,58.0,0.0,45.67,567.65,'SAVE10','standard','127.0.0.1','2024-01-04 00:00:00');
INSERT INTO order_items (order_id,product_id,product_name,sku,quantity,unit_price,line_total) VALUES
  (291,6,'Ergonomic Office Chair','HOME-001',1,449.99,449.99),
  (291,9,'Trail Running Shoes','SPRT-001',1,129.99,129.99);
INSERT INTO payments (order_id,gateway,method,status,amount,currency,card_brand,card_last4,processed_at) VALUES
  (291,'stripe','card','captured',567.65,'USD','mastercard','4492','2024-01-04 00:00:00');
INSERT INTO orders (order_id,order_number,customer_id,status,subtotal,discount_amount,shipping_cost,tax_amount,order_total,coupon_code,shipping_method,ip_address,created_at) VALUES
  (292,'ORD-2024-00292',14,'delivered',2909.93,581.99,0.0,203.69,2531.63,'SAVE20','standard','127.0.0.1','2024-03-31 00:00:00');
INSERT INTO order_items (order_id,product_id,product_name,sku,quantity,unit_price,line_total) VALUES
  (292,2,'UltraSound Headphones','ELEC-002',3,249.99,749.97),
  (292,3,'SmartWatch Series X','ELEC-003',2,399.99,799.98),
  (292,1,'ProBook Laptop 15"','ELEC-001',1,1299.99,1299.99),
  (292,4,'Classic Oxford Shirt','CLTH-001',1,59.99,59.99);
INSERT INTO payments (order_id,gateway,method,status,amount,currency,card_brand,card_last4,processed_at) VALUES
  (292,'stripe','card','captured',2531.63,'USD','visa','4729','2024-03-31 00:00:00');
INSERT INTO orders (order_id,order_number,customer_id,status,subtotal,discount_amount,shipping_cost,tax_amount,order_total,coupon_code,shipping_method,ip_address,created_at) VALUES
  (293,'ORD-2023-00293',50,'delivered',4519.92,0.0,0.0,395.49,4915.41,NULL,'standard','127.0.0.1','2023-11-12 00:00:00');
INSERT INTO order_items (order_id,product_id,product_name,sku,quantity,unit_price,line_total) VALUES
  (293,6,'Ergonomic Office Chair','HOME-001',1,449.99,449.99),
  (293,1,'ProBook Laptop 15"','ELEC-001',3,1299.99,3899.97),
  (293,7,'Bamboo Desk Organizer','HOME-002',1,34.99,34.99),
  (293,10,'Vitamin C Serum 30ml','BEAU-001',3,44.99,134.97);
INSERT INTO payments (order_id,gateway,method,status,amount,currency,card_brand,card_last4,processed_at) VALUES
  (293,'stripe','card','captured',4915.41,'USD','visa','2189','2023-11-12 00:00:00');
INSERT INTO orders (order_id,order_number,customer_id,status,subtotal,discount_amount,shipping_cost,tax_amount,order_total,coupon_code,shipping_method,ip_address,created_at) VALUES
  (294,'ORD-2024-00294',14,'delivered',689.94,0.0,0.0,60.37,750.31,NULL,'standard','127.0.0.1','2024-05-13 00:00:00');
INSERT INTO order_items (order_id,product_id,product_name,sku,quantity,unit_price,line_total) VALUES
  (294,10,'Vitamin C Serum 30ml','BEAU-001',2,44.99,89.98),
  (294,2,'UltraSound Headphones','ELEC-002',2,249.99,499.98),
  (294,5,'Slim Fit Chinos','CLTH-002',2,49.99,99.98);
INSERT INTO payments (order_id,gateway,method,status,amount,currency,card_brand,card_last4,processed_at) VALUES
  (294,'stripe','card','captured',750.31,'USD','discover','3561','2024-05-13 00:00:00');
INSERT INTO orders (order_id,order_number,customer_id,status,subtotal,discount_amount,shipping_cost,tax_amount,order_total,coupon_code,shipping_method,ip_address,created_at) VALUES
  (295,'ORD-2024-00295',18,'delivered',1899.93,189.99,0.0,149.62,1859.56,'SAVE10','standard','127.0.0.1','2024-05-06 00:00:00');
INSERT INTO order_items (order_id,product_id,product_name,sku,quantity,unit_price,line_total) VALUES
  (295,3,'SmartWatch Series X','ELEC-003',1,399.99,399.99),
  (295,5,'Slim Fit Chinos','CLTH-002',3,49.99,149.97),
  (295,6,'Ergonomic Office Chair','HOME-001',3,449.99,1349.97);
INSERT INTO payments (order_id,gateway,method,status,amount,currency,card_brand,card_last4,processed_at) VALUES
  (295,'stripe','card','captured',1859.56,'USD','discover','9800','2024-05-06 00:00:00');
INSERT INTO orders (order_id,order_number,customer_id,status,subtotal,discount_amount,shipping_cost,tax_amount,order_total,coupon_code,shipping_method,ip_address,created_at) VALUES
  (296,'ORD-2023-00296',40,'delivered',494.97,0.0,0.0,43.31,538.28,NULL,'standard','127.0.0.1','2023-09-08 00:00:00');
INSERT INTO order_items (order_id,product_id,product_name,sku,quantity,unit_price,line_total) VALUES
  (296,4,'Classic Oxford Shirt','CLTH-001',1,59.99,59.99),
  (296,7,'Bamboo Desk Organizer','HOME-002',1,34.99,34.99),
  (296,3,'SmartWatch Series X','ELEC-003',1,399.99,399.99);
INSERT INTO payments (order_id,gateway,method,status,amount,currency,card_brand,card_last4,processed_at) VALUES
  (296,'stripe','card','captured',538.28,'USD','mastercard','2877','2023-09-08 00:00:00');
INSERT INTO orders (order_id,order_number,customer_id,status,subtotal,discount_amount,shipping_cost,tax_amount,order_total,coupon_code,shipping_method,ip_address,created_at) VALUES
  (297,'ORD-2023-00297',73,'delivered',1129.95,0.0,0.0,98.87,1228.82,NULL,'standard','127.0.0.1','2023-02-16 00:00:00');
INSERT INTO order_items (order_id,product_id,product_name,sku,quantity,unit_price,line_total) VALUES
  (297,9,'Trail Running Shoes','SPRT-001',1,129.99,129.99),
  (297,2,'UltraSound Headphones','ELEC-002',2,249.99,499.98),
  (297,5,'Slim Fit Chinos','CLTH-002',1,49.99,49.99),
  (297,6,'Ergonomic Office Chair','HOME-001',1,449.99,449.99);
INSERT INTO payments (order_id,gateway,method,status,amount,currency,card_brand,card_last4,processed_at) VALUES
  (297,'stripe','paypal','captured',1228.82,'USD',NULL,NULL,'2023-02-16 00:00:00');
INSERT INTO orders (order_id,order_number,customer_id,status,subtotal,discount_amount,shipping_cost,tax_amount,order_total,coupon_code,shipping_method,ip_address,created_at) VALUES
  (298,'ORD-2024-00298',17,'delivered',149.97,29.99,0.0,10.5,130.48,'SAVE20','standard','127.0.0.1','2024-04-06 00:00:00');
INSERT INTO order_items (order_id,product_id,product_name,sku,quantity,unit_price,line_total) VALUES
  (298,5,'Slim Fit Chinos','CLTH-002',3,49.99,149.97);
INSERT INTO payments (order_id,gateway,method,status,amount,currency,card_brand,card_last4,processed_at) VALUES
  (298,'stripe','card','captured',130.48,'USD','discover','8383','2024-04-06 00:00:00');
INSERT INTO orders (order_id,order_number,customer_id,status,subtotal,discount_amount,shipping_cost,tax_amount,order_total,coupon_code,shipping_method,ip_address,created_at) VALUES
  (299,'ORD-2024-00299',40,'delivered',919.96,0.0,0.0,80.5,1000.46,NULL,'standard','127.0.0.1','2024-05-13 00:00:00');
INSERT INTO order_items (order_id,product_id,product_name,sku,quantity,unit_price,line_total) VALUES
  (299,6,'Ergonomic Office Chair','HOME-001',1,449.99,449.99),
  (299,7,'Bamboo Desk Organizer','HOME-002',2,34.99,69.98),
  (299,3,'SmartWatch Series X','ELEC-003',1,399.99,399.99);
INSERT INTO payments (order_id,gateway,method,status,amount,currency,card_brand,card_last4,processed_at) VALUES
  (299,'stripe','paypal','captured',1000.46,'USD',NULL,NULL,'2024-05-13 00:00:00');
INSERT INTO orders (order_id,order_number,customer_id,status,subtotal,discount_amount,shipping_cost,tax_amount,order_total,coupon_code,shipping_method,ip_address,created_at) VALUES
  (300,'ORD-2024-00300',18,'delivered',1552.92,155.29,0.0,122.29,1519.92,'SAVE10','standard','127.0.0.1','2024-04-01 00:00:00');
INSERT INTO order_items (order_id,product_id,product_name,sku,quantity,unit_price,line_total) VALUES
  (300,8,'Clean Code','BOOK-001',2,38.99,77.98),
  (300,10,'Vitamin C Serum 30ml','BEAU-001',2,44.99,89.98),
  (300,6,'Ergonomic Office Chair','HOME-001',3,449.99,1349.97),
  (300,7,'Bamboo Desk Organizer','HOME-002',1,34.99,34.99);
INSERT INTO payments (order_id,gateway,method,status,amount,currency,card_brand,card_last4,processed_at) VALUES
  (300,'stripe','card','captured',1519.92,'USD','mastercard','9824','2024-04-01 00:00:00');

SELECT 'Database seeded successfully!' AS result;